{"v":"4.5.5","fr":24,"ip":0,"op":27.2,"w":50,"h":50,"ddd":0,"assets":[],"layers":[{"ddd":0,"ind":0,"ty":4,"nm":"line","ks":{"o":{"a":0,"k":100},"r":{"a":0,"k":0},"p":{"a":0,"k":[25,25,0]},"a":{"a":0,"k":[25,25,0]},"s":{"a":0,"k":[100,100,100]}},"ao":0,"ef":[{"ty":5,"nm":"Change to Color","mn":"ADBE Change To Color","ix":1,"en":1,"ef":[{"ty":2,"nm":"From","mn":"ADBE Change To Color-0001","ix":1,"v":{"a":0,"k":[0,0,0,1]}},{"ty":2,"nm":"To","mn":"ADBE Change To Color-0002","ix":2,"v":{"a":0,"k":[0,0.55,0.54,1]}},{"ty":7,"nm":"Change","mn":"ADBE Change To Color-0003","ix":3,"v":{"a":0,"k":4}},{"ty":7,"nm":"Change By","mn":"ADBE Change To Color-0004","ix":4,"v":{"a":0,"k":1}},{"ty":6,"nm":"Tolerance","mn":"ADBE Change To Color-0010","ix":5,"v":0},{"ty":0,"nm":"Hue","mn":"ADBE Change To Color-0005","ix":6,"v":{"a":0,"k":0.1}},{"ty":0,"nm":"Lightness","mn":"ADBE Change To Color-0006","ix":7,"v":{"a":0,"k":1}},{"ty":0,"nm":"Saturation","mn":"ADBE Change To Color-0007","ix":8,"v":{"a":0,"k":1}},{"ty":6,"nm":"Saturation","mn":"ADBE Change To Color-0011","ix":9,"v":0},{"ty":0,"nm":"Softness","mn":"ADBE Change To Color-0008","ix":10,"v":{"a":0,"k":0.5}},{"ty":7,"nm":"View Correction Matte","mn":"ADBE Change To Color-0009","ix":11,"v":{"a":0,"k":0}}]}],"shapes":[{"ty":"gr","it":[{"ind":0,"ty":"sh","ks":{"a":1,"k":[{"i":{"x":0.833,"y":0.833},"o":{"x":0.333,"y":0},"n":"0p833_0p833_0p333_0","t":3,"s":[{"i":[[0,0],[0,0],[0,0]],"o":[[0,0],[0,0],[0,0]],"v":[[6.5,-6.5],[0.016,-0.016],[-6.5,6.5]],"c":false}],"e":[{"i":[[0,0],[0,0],[0,0]],"o":[[0,0],[0,0],[0,0]],"v":[[5.25,-9],[0.042,0.104],[-7.75,4]],"c":false}]},{"i":{"x":0.358,"y":1},"o":{"x":0.167,"y":0.167},"n":"0p358_1_0p167_0p167","t":4,"s":[{"i":[[0,0],[0,0],[0,0]],"o":[[0,0],[0,0],[0,0]],"v":[[5.25,-9],[0.042,0.104],[-7.75,4]],"c":false}],"e":[{"i":[[0,0],[0,0],[0,0]],"o":[[0,0],[0,0],[0,0]],"v":[[7,-6.125],[-1.844,-2.031],[-6,6.875]],"c":false}]},{"i":{"x":0.58,"y":0.281},"o":{"x":0.658,"y":0},"n":"0p58_0p281_0p658_0","t":5,"s":[{"i":[[0,0],[0,0],[0,0]],"o":[[0,0],[0,0],[0,0]],"v":[[7,-6.125],[-1.844,-2.031],[-6,6.875]],"c":false}],"e":[{"i":[[0,0],[0,0],[0,0]],"o":[[0,0],[0,0],[0,0]],"v":[[-21.375,-7.625],[-12.532,-9.12],[-3.625,-10.625]],"c":false}]},{"i":{"x":0.217,"y":1},"o":{"x":0.36,"y":0.579},"n":"0p217_1_0p36_0p579","t":7,"s":[{"i":[[0,0],[0,0],[0,0]],"o":[[0,0],[0,0],[0,0]],"v":[[-21.375,-7.625],[-12.532,-9.12],[-3.625,-10.625]],"c":false}],"e":[{"i":[[0,0],[0,0],[0,0]],"o":[[0,0],[0,0],[0,0]],"v":[[-10,-10],[-15.978,-15.978],[-22,-22]],"c":false}]},{"t":11}]},"nm":"Path 1","mn":"ADBE Vector Shape - Group"},{"ty":"st","c":{"a":0,"k":[0,0,0,1]},"o":{"a":0,"k":100},"w":{"a":0,"k":2},"lc":2,"lj":1,"ml":10,"nm":"Stroke 1","mn":"ADBE Vector Graphic - Stroke"},{"ty":"tr","p":{"a":0,"k":[25,25],"ix":2},"a":{"a":0,"k":[0,0],"ix":1},"s":{"a":0,"k":[100,100],"ix":3},"r":{"a":0,"k":0,"ix":6},"o":{"a":0,"k":100,"ix":7},"sk":{"a":0,"k":0,"ix":4},"sa":{"a":0,"k":0,"ix":5},"nm":"Transform"}],"nm":"Group 1","np":2,"mn":"ADBE Vector Group"}],"ip":0,"op":14,"st":0,"bm":0,"sr":1},{"ddd":0,"ind":1,"ty":4,"nm":"mask1","td":1,"ks":{"o":{"a":0,"k":100},"r":{"a":0,"k":0},"p":{"a":0,"k":[25,25,0]},"a":{"a":0,"k":[25,25,0]},"s":{"a":0,"k":[100,100,100]}},"ao":0,"ef":[{"ty":5,"nm":"Change to Color","mn":"ADBE Change To Color","ix":1,"en":1,"ef":[{"ty":2,"nm":"From","mn":"ADBE Change To Color-0001","ix":1,"v":{"a":0,"k":[0,0,0,1]}},{"ty":2,"nm":"To","mn":"ADBE Change To Color-0002","ix":2,"v":{"a":0,"k":[0,0.55,0.54,1]}},{"ty":7,"nm":"Change","mn":"ADBE Change To Color-0003","ix":3,"v":{"a":0,"k":4}},{"ty":7,"nm":"Change By","mn":"ADBE Change To Color-0004","ix":4,"v":{"a":0,"k":1}},{"ty":6,"nm":"Tolerance","mn":"ADBE Change To Color-0010","ix":5,"v":0},{"ty":0,"nm":"Hue","mn":"ADBE Change To Color-0005","ix":6,"v":{"a":0,"k":0.1}},{"ty":0,"nm":"Lightness","mn":"ADBE Change To Color-0006","ix":7,"v":{"a":0,"k":1}},{"ty":0,"nm":"Saturation","mn":"ADBE Change To Color-0007","ix":8,"v":{"a":0,"k":1}},{"ty":6,"nm":"Saturation","mn":"ADBE Change To Color-0011","ix":9,"v":0},{"ty":0,"nm":"Softness","mn":"ADBE Change To Color-0008","ix":10,"v":{"a":0,"k":0.5}},{"ty":7,"nm":"View Correction Matte","mn":"ADBE Change To Color-0009","ix":11,"v":{"a":0,"k":0}}]}],"shapes":[{"ty":"gr","it":[{"ind":0,"ty":"sh","ks":{"a":1,"k":[{"i":{"x":0.833,"y":0.833},"o":{"x":0.167,"y":0.167},"n":"0p833_0p833_0p167_0p167","t":3,"s":[{"i":[[0,0],[0,0],[0,0],[0,0],[0,0],[0,0]],"o":[[0,0],[0,0],[0,0],[0,0],[0,0],[0,0]],"v":[[-4.5,7],[1.5,1],[7.5,-5],[1.5,-7],[-7.5,2],[-5.1,6]],"c":true}],"e":[{"i":[[0,0],[0,0],[0,0],[0,0],[0,0],[0,0]],"o":[[0,0],[0,0],[0,0],[0,0],[0,0],[0,0]],"v":[[-6.5,6],[-0.5,-2],[7.5,-7],[-3.5,-23],[-22.5,-4],[-7.5,6]],"c":true}]},{"t":11}]},"nm":"Path 1","mn":"ADBE Vector Shape - Group"},{"ty":"fl","c":{"a":0,"k":[1,0.09,0.83,1]},"o":{"a":0,"k":100},"nm":"Fill 1","mn":"ADBE Vector Graphic - Fill"},{"ty":"tr","p":{"a":0,"k":[25.5,26],"ix":2},"a":{"a":0,"k":[0,0],"ix":1},"s":{"a":0,"k":[100,100],"ix":3},"r":{"a":0,"k":0,"ix":6},"o":{"a":0,"k":100,"ix":7},"sk":{"a":0,"k":0,"ix":4},"sa":{"a":0,"k":0,"ix":5},"nm":"Transform"}],"nm":"Group 2","np":2,"mn":"ADBE Vector Group"}],"ip":0,"op":14,"st":0,"bm":0,"sr":1},{"ddd":0,"ind":2,"ty":4,"nm":"Links","tt":2,"ks":{"o":{"a":0,"k":100},"r":{"a":0,"k":0},"p":{"a":0,"k":[25,25,0]},"a":{"a":0,"k":[25,25,0]},"s":{"a":0,"k":[100,100,100]}},"ao":0,"ef":[{"ty":5,"nm":"Change to Color","mn":"ADBE Change To Color","ix":1,"en":1,"ef":[{"ty":2,"nm":"From","mn":"ADBE Change To Color-0001","ix":1,"v":{"a":0,"k":[0,0,0,1]}},{"ty":2,"nm":"To","mn":"ADBE Change To Color-0002","ix":2,"v":{"a":0,"k":[0,0.55,0.54,1]}},{"ty":7,"nm":"Change","mn":"ADBE Change To Color-0003","ix":3,"v":{"a":0,"k":4}},{"ty":7,"nm":"Change By","mn":"ADBE Change To Color-0004","ix":4,"v":{"a":0,"k":1}},{"ty":6,"nm":"Tolerance","mn":"ADBE Change To Color-0010","ix":5,"v":0},{"ty":0,"nm":"Hue","mn":"ADBE Change To Color-0005","ix":6,"v":{"a":0,"k":0.1}},{"ty":0,"nm":"Lightness","mn":"ADBE Change To Color-0006","ix":7,"v":{"a":0,"k":1}},{"ty":0,"nm":"Saturation","mn":"ADBE Change To Color-0007","ix":8,"v":{"a":0,"k":1}},{"ty":6,"nm":"Saturation","mn":"ADBE Change To Color-0011","ix":9,"v":0},{"ty":0,"nm":"Softness","mn":"ADBE Change To Color-0008","ix":10,"v":{"a":0,"k":0.5}},{"ty":7,"nm":"View Correction Matte","mn":"ADBE Change To Color-0009","ix":11,"v":{"a":0,"k":0}}]}],"shapes":[{"ty":"gr","it":[{"ind":0,"ty":"sh","ks":{"a":1,"k":[{"i":{"x":0.117,"y":1},"o":{"x":0.333,"y":0},"n":"0p117_1_0p333_0","t":3,"s":[{"i":[[3.111,3.111],[0,0],[-3.111,3.112],[0,0],[-3.112,-3.111],[3.111,-3.111],[0,0]],"o":[[0,0],[-3.111,-3.111],[0,0],[3.111,-3.111],[3.111,3.112],[0,0],[-3.112,3.111]],"v":[[-7.032,8.032],[-7.032,8.032],[-7.032,-3.282],[-1.179,-9.135],[10.135,-9.135],[10.135,2.179],[4.282,8.032]],"c":true}],"e":[{"i":[[2.709,3.467],[0,0],[-3.467,2.709],[0,0],[-2.709,-3.467],[3.467,-2.709],[0,0]],"o":[[0,0],[-2.709,-3.467],[0,0],[3.468,-2.709],[2.709,3.468],[0,0],[-3.467,2.709]],"v":[[-8.014,6.922],[-8.014,6.922],[-6.635,-4.307],[-0.113,-9.403],[11.117,-8.025],[9.738,3.205],[3.214,8.301]],"c":true}]},{"i":{"x":0.339,"y":1},"o":{"x":0.169,"y":0.384},"n":"0p339_1_0p169_0p384","t":5,"s":[{"i":[[2.709,3.467],[0,0],[-3.467,2.709],[0,0],[-2.709,-3.467],[3.467,-2.709],[0,0]],"o":[[0,0],[-2.709,-3.467],[0,0],[3.468,-2.709],[2.709,3.468],[0,0],[-3.467,2.709]],"v":[[-8.014,6.922],[-8.014,6.922],[-6.635,-4.307],[-0.113,-9.403],[11.117,-8.025],[9.738,3.205],[3.214,8.301]],"c":true}],"e":[{"i":[[4.185,1.36],[0,0],[-1.36,4.185],[0,0],[-4.185,-1.36],[1.36,-4.185],[0,0]],"o":[[0,0],[-4.185,-1.36],[0,0],[1.36,-4.184],[4.185,1.36],[0,0],[-1.36,4.184]],"v":[[-3.751,11.544],[-3.751,11.544],[-8.887,1.463],[-6.33,-6.409],[3.751,-11.545],[8.887,-1.464],[6.33,6.408]],"c":true}]},{"i":{"x":0.667,"y":1},"o":{"x":0.717,"y":0},"n":"0p667_1_0p717_0","t":9,"s":[{"i":[[4.185,1.36],[0,0],[-1.36,4.185],[0,0],[-4.185,-1.36],[1.36,-4.185],[0,0]],"o":[[0,0],[-4.185,-1.36],[0,0],[1.36,-4.184],[4.185,1.36],[0,0],[-1.36,4.184]],"v":[[-3.751,11.544],[-3.751,11.544],[-8.887,1.463],[-6.33,-6.409],[3.751,-11.545],[8.887,-1.464],[6.33,6.408]],"c":true}],"e":[{"i":[[3.604,2.524],[0,0],[-2.523,3.604],[0,0],[-3.604,-2.523],[2.524,-3.604],[0,0]],"o":[[0,0],[-3.604,-2.524],[0,0],[2.524,-3.604],[3.604,2.524],[0,0],[-2.524,3.605]],"v":[[-6.962,9.943],[-6.962,9.943],[-8.928,-1.199],[-4.18,-7.979],[6.962,-9.944],[8.926,1.198],[4.18,7.978]],"c":true}]},{"t":11}]},"nm":"Path 1","mn":"ADBE Vector Shape - Group"},{"ty":"st","c":{"a":0,"k":[0,0,0,1]},"o":{"a":0,"k":100},"w":{"a":0,"k":2},"lc":1,"lj":1,"ml":10,"nm":"Stroke 1","mn":"ADBE Vector Graphic - Stroke"},{"ty":"tr","p":{"a":0,"k":[13.366,35.635],"ix":2},"a":{"a":0,"k":[0,0],"ix":1},"s":{"a":0,"k":[100,100],"ix":3},"r":{"a":0,"k":0,"ix":6},"o":{"a":0,"k":100,"ix":7},"sk":{"a":0,"k":0,"ix":4},"sa":{"a":0,"k":0,"ix":5},"nm":"Transform"}],"nm":"Group 3","np":2,"mn":"ADBE Vector Group"},{"ty":"gr","it":[{"ind":0,"ty":"sh","ks":{"a":1,"k":[{"i":{"x":0.117,"y":1},"o":{"x":0.333,"y":0},"n":"0p117_1_0p333_0","t":3,"s":[{"i":[[3.111,3.111],[0,0],[-3.111,3.112],[0,0],[-3.112,-3.111],[3.111,-3.111],[0,0]],"o":[[0,0],[-3.111,-3.111],[0,0],[3.111,-3.111],[3.111,3.112],[0,0],[-3.112,3.111]],"v":[[-9.118,10.134],[-9.118,10.134],[-9.118,-1.18],[-3.265,-7.033],[8.049,-7.033],[8.049,4.281],[2.197,10.134]],"c":true}],"e":[{"i":[[3.467,2.709],[0,0],[-2.709,3.467],[0,0],[-3.468,-2.709],[2.709,-3.468],[0,0]],"o":[[0,0],[-3.467,-2.709],[0,0],[2.709,-3.467],[3.467,2.709],[0,0],[-2.709,3.467]],"v":[[-8.008,11.116],[-8.008,11.116],[-9.387,-0.113],[-4.29,-6.636],[6.939,-8.015],[8.318,3.215],[3.221,9.737]],"c":true}]},{"i":{"x":0.339,"y":1},"o":{"x":0.169,"y":0.384},"n":"0p339_1_0p169_0p384","t":5,"s":[{"i":[[3.467,2.709],[0,0],[-2.709,3.467],[0,0],[-3.468,-2.709],[2.709,-3.468],[0,0]],"o":[[0,0],[-3.467,-2.709],[0,0],[2.709,-3.467],[3.467,2.709],[0,0],[-2.709,3.467]],"v":[[-8.008,11.116],[-8.008,11.116],[-9.387,-0.113],[-4.29,-6.636],[6.939,-8.015],[8.318,3.215],[3.221,9.737]],"c":true}],"e":[{"i":[[1.36,4.185],[0,0],[-4.184,1.36],[0,0],[-1.36,-4.185],[4.184,-1.36],[0,0]],"o":[[0,0],[-1.36,-4.185],[0,0],[4.185,-1.36],[1.36,4.185],[0,0],[-4.185,1.36]],"v":[[-11.544,3.751],[-11.544,3.751],[-6.408,-6.33],[1.464,-8.887],[11.545,-3.751],[6.409,6.33],[-1.463,8.887]],"c":true}]},{"i":{"x":0.667,"y":1},"o":{"x":0.717,"y":0},"n":"0p667_1_0p717_0","t":9,"s":[{"i":[[1.36,4.185],[0,0],[-4.184,1.36],[0,0],[-1.36,-4.185],[4.184,-1.36],[0,0]],"o":[[0,0],[-1.36,-4.185],[0,0],[4.185,-1.36],[1.36,4.185],[0,0],[-4.185,1.36]],"v":[[-11.544,3.751],[-11.544,3.751],[-6.408,-6.33],[1.464,-8.887],[11.545,-3.751],[6.409,6.33],[-1.463,8.887]],"c":true}],"e":[{"i":[[2.524,3.604],[0,0],[-3.605,2.524],[0,0],[-2.524,-3.604],[3.604,-2.524],[0,0]],"o":[[0,0],[-2.524,-3.604],[0,0],[3.604,-2.524],[2.523,3.604],[0,0],[-3.604,2.523]],"v":[[-9.943,6.962],[-9.943,6.962],[-7.978,-4.18],[-1.198,-8.926],[9.944,-6.962],[7.979,4.18],[1.199,8.928]],"c":true}]},{"t":11}]},"nm":"Path 1","mn":"ADBE Vector Shape - Group"},{"ty":"st","c":{"a":0,"k":[0,0,0,1]},"o":{"a":0,"k":100},"w":{"a":0,"k":2},"lc":1,"lj":1,"ml":10,"nm":"Stroke 1","mn":"ADBE Vector Graphic - Stroke"},{"ty":"tr","p":{"a":0,"k":[35.618,13.366],"ix":2},"a":{"a":0,"k":[0,0],"ix":1},"s":{"a":0,"k":[100,100],"ix":3},"r":{"a":0,"k":0,"ix":6},"o":{"a":0,"k":100,"ix":7},"sk":{"a":0,"k":0,"ix":4},"sa":{"a":0,"k":0,"ix":5},"nm":"Transform"}],"nm":"Group 4","np":2,"mn":"ADBE Vector Group"}],"ip":0,"op":14,"st":0,"bm":0,"sr":1},{"ddd":0,"ind":3,"ty":4,"nm":"line 2","ks":{"o":{"a":0,"k":100},"r":{"a":0,"k":0},"p":{"a":0,"k":[25,25,0]},"a":{"a":0,"k":[25,25,0]},"s":{"a":0,"k":[100,100,100]}},"ao":0,"ef":[{"ty":5,"nm":"Change to Color","mn":"ADBE Change To Color","ix":1,"en":1,"ef":[{"ty":2,"nm":"From","mn":"ADBE Change To Color-0001","ix":1,"v":{"a":0,"k":[0,0,0,1]}},{"ty":2,"nm":"To","mn":"ADBE Change To Color-0002","ix":2,"v":{"a":0,"k":[0,0.55,0.54,1]}},{"ty":7,"nm":"Change","mn":"ADBE Change To Color-0003","ix":3,"v":{"a":0,"k":4}},{"ty":7,"nm":"Change By","mn":"ADBE Change To Color-0004","ix":4,"v":{"a":0,"k":1}},{"ty":6,"nm":"Tolerance","mn":"ADBE Change To Color-0010","ix":5,"v":0},{"ty":0,"nm":"Hue","mn":"ADBE Change To Color-0005","ix":6,"v":{"a":0,"k":0.1}},{"ty":0,"nm":"Lightness","mn":"ADBE Change To Color-0006","ix":7,"v":{"a":0,"k":1}},{"ty":0,"nm":"Saturation","mn":"ADBE Change To Color-0007","ix":8,"v":{"a":0,"k":1}},{"ty":6,"nm":"Saturation","mn":"ADBE Change To Color-0011","ix":9,"v":0},{"ty":0,"nm":"Softness","mn":"ADBE Change To Color-0008","ix":10,"v":{"a":0,"k":0.5}},{"ty":7,"nm":"View Correction Matte","mn":"ADBE Change To Color-0009","ix":11,"v":{"a":0,"k":0}}]}],"shapes":[{"ty":"gr","it":[{"ind":0,"ty":"sh","ks":{"a":1,"k":[{"i":{"x":0.58,"y":0.281},"o":{"x":0.167,"y":0},"n":"0p58_0p281_0p167_0","t":17,"s":[{"i":[[0,0],[0,0],[0,0]],"o":[[0,0],[0,0],[0,0]],"v":[[-10,-10],[-15.978,-15.978],[-22,-22]],"c":false}],"e":[{"i":[[0,0],[0,0],[0,0]],"o":[[0,0],[0,0],[0,0]],"v":[[-21.375,-7.625],[-12.532,-9.12],[-3.625,-10.625]],"c":false}]},{"i":{"x":0.358,"y":1},"o":{"x":0.36,"y":0.579},"n":"0p358_1_0p36_0p579","t":20,"s":[{"i":[[0,0],[0,0],[0,0]],"o":[[0,0],[0,0],[0,0]],"v":[[-21.375,-7.625],[-12.532,-9.12],[-3.625,-10.625]],"c":false}],"e":[{"i":[[0,0],[0,0],[0,0]],"o":[[0,0],[0,0],[0,0]],"v":[[7,-6.125],[-1.844,-2.031],[-6,6.875]],"c":false}]},{"i":{"x":0.833,"y":0.833},"o":{"x":0.658,"y":0},"n":"0p833_0p833_0p658_0","t":22,"s":[{"i":[[0,0],[0,0],[0,0]],"o":[[0,0],[0,0],[0,0]],"v":[[7,-6.125],[-1.844,-2.031],[-6,6.875]],"c":false}],"e":[{"i":[[0,0],[0,0],[0,0]],"o":[[0,0],[0,0],[0,0]],"v":[[5.25,-9],[0.042,0.104],[-7.75,4]],"c":false}]},{"i":{"x":0.667,"y":1},"o":{"x":0.167,"y":0.167},"n":"0p667_1_0p167_0p167","t":24,"s":[{"i":[[0,0],[0,0],[0,0]],"o":[[0,0],[0,0],[0,0]],"v":[[5.25,-9],[0.042,0.104],[-7.75,4]],"c":false}],"e":[{"i":[[0,0],[0,0],[0,0]],"o":[[0,0],[0,0],[0,0]],"v":[[6.5,-6.5],[0.016,-0.016],[-6.5,6.5]],"c":false}]},{"t":25}]},"nm":"Path 1","mn":"ADBE Vector Shape - Group"},{"ty":"st","c":{"a":0,"k":[0,0,0,1]},"o":{"a":0,"k":100},"w":{"a":0,"k":2},"lc":2,"lj":1,"ml":10,"nm":"Stroke 1","mn":"ADBE Vector Graphic - Stroke"},{"ty":"tr","p":{"a":0,"k":[25,25],"ix":2},"a":{"a":0,"k":[0,0],"ix":1},"s":{"a":0,"k":[100,100],"ix":3},"r":{"a":0,"k":0,"ix":6},"o":{"a":0,"k":100,"ix":7},"sk":{"a":0,"k":0,"ix":4},"sa":{"a":0,"k":0,"ix":5},"nm":"Transform"}],"nm":"Group 1","np":2,"mn":"ADBE Vector Group"}],"ip":14,"op":28,"st":14,"bm":0,"sr":1},{"ddd":0,"ind":4,"ty":4,"nm":"mask2","td":1,"ks":{"o":{"a":0,"k":100},"r":{"a":0,"k":0},"p":{"a":0,"k":[25,25,0]},"a":{"a":0,"k":[25,25,0]},"s":{"a":0,"k":[100,100,100]}},"ao":0,"ef":[{"ty":5,"nm":"Change to Color","mn":"ADBE Change To Color","ix":1,"en":1,"ef":[{"ty":2,"nm":"From","mn":"ADBE Change To Color-0001","ix":1,"v":{"a":0,"k":[0,0,0,1]}},{"ty":2,"nm":"To","mn":"ADBE Change To Color-0002","ix":2,"v":{"a":0,"k":[0,0.55,0.54,1]}},{"ty":7,"nm":"Change","mn":"ADBE Change To Color-0003","ix":3,"v":{"a":0,"k":4}},{"ty":7,"nm":"Change By","mn":"ADBE Change To Color-0004","ix":4,"v":{"a":0,"k":1}},{"ty":6,"nm":"Tolerance","mn":"ADBE Change To Color-0010","ix":5,"v":0},{"ty":0,"nm":"Hue","mn":"ADBE Change To Color-0005","ix":6,"v":{"a":0,"k":0.1}},{"ty":0,"nm":"Lightness","mn":"ADBE Change To Color-0006","ix":7,"v":{"a":0,"k":1}},{"ty":0,"nm":"Saturation","mn":"ADBE Change To Color-0007","ix":8,"v":{"a":0,"k":1}},{"ty":6,"nm":"Saturation","mn":"ADBE Change To Color-0011","ix":9,"v":0},{"ty":0,"nm":"Softness","mn":"ADBE Change To Color-0008","ix":10,"v":{"a":0,"k":0.5}},{"ty":7,"nm":"View Correction Matte","mn":"ADBE Change To Color-0009","ix":11,"v":{"a":0,"k":0}}]}],"shapes":[{"ty":"gr","it":[{"ind":0,"ty":"sh","ks":{"a":1,"k":[{"i":{"x":0.833,"y":0.833},"o":{"x":0.167,"y":0.167},"n":"0p833_0p833_0p167_0p167","t":17,"s":[{"i":[[0,0],[0,0],[0,0],[0,0],[0,0],[0,0]],"o":[[0,0],[0,0],[0,0],[0,0],[0,0],[0,0]],"v":[[-6.5,6],[-0.5,-2],[7.5,-7],[-3.5,-23],[-22.5,-4],[-7.5,6]],"c":true}],"e":[{"i":[[0,0],[0,0],[0,0],[0,0],[0,0],[0,0]],"o":[[0,0],[0,0],[0,0],[0,0],[0,0],[0,0]],"v":[[-4.5,7],[1.5,1],[7.5,-5],[1.5,-7],[-7.5,2],[-5.1,6]],"c":true}]},{"t":25}]},"nm":"Path 1","mn":"ADBE Vector Shape - Group"},{"ty":"fl","c":{"a":0,"k":[1,0.09,0.83,1]},"o":{"a":0,"k":100},"nm":"Fill 1","mn":"ADBE Vector Graphic - Fill"},{"ty":"tr","p":{"a":0,"k":[25.5,26],"ix":2},"a":{"a":0,"k":[0,0],"ix":1},"s":{"a":0,"k":[100,100],"ix":3},"r":{"a":0,"k":0,"ix":6},"o":{"a":0,"k":100,"ix":7},"sk":{"a":0,"k":0,"ix":4},"sa":{"a":0,"k":0,"ix":5},"nm":"Transform"}],"nm":"Group 2","np":2,"mn":"ADBE Vector Group"}],"ip":14,"op":28,"st":14,"bm":0,"sr":1},{"ddd":0,"ind":5,"ty":4,"nm":"Links 2","tt":2,"ks":{"o":{"a":0,"k":100},"r":{"a":0,"k":0},"p":{"a":0,"k":[25,25,0]},"a":{"a":0,"k":[25,25,0]},"s":{"a":0,"k":[100,100,100]}},"ao":0,"ef":[{"ty":5,"nm":"Change to Color","mn":"ADBE Change To Color","ix":1,"en":1,"ef":[{"ty":2,"nm":"From","mn":"ADBE Change To Color-0001","ix":1,"v":{"a":0,"k":[0,0,0,1]}},{"ty":2,"nm":"To","mn":"ADBE Change To Color-0002","ix":2,"v":{"a":0,"k":[0,0.55,0.54,1]}},{"ty":7,"nm":"Change","mn":"ADBE Change To Color-0003","ix":3,"v":{"a":0,"k":4}},{"ty":7,"nm":"Change By","mn":"ADBE Change To Color-0004","ix":4,"v":{"a":0,"k":1}},{"ty":6,"nm":"Tolerance","mn":"ADBE Change To Color-0010","ix":5,"v":0},{"ty":0,"nm":"Hue","mn":"ADBE Change To Color-0005","ix":6,"v":{"a":0,"k":0.1}},{"ty":0,"nm":"Lightness","mn":"ADBE Change To Color-0006","ix":7,"v":{"a":0,"k":1}},{"ty":0,"nm":"Saturation","mn":"ADBE Change To Color-0007","ix":8,"v":{"a":0,"k":1}},{"ty":6,"nm":"Saturation","mn":"ADBE Change To Color-0011","ix":9,"v":0},{"ty":0,"nm":"Softness","mn":"ADBE Change To Color-0008","ix":10,"v":{"a":0,"k":0.5}},{"ty":7,"nm":"View Correction Matte","mn":"ADBE Change To Color-0009","ix":11,"v":{"a":0,"k":0}}]}],"shapes":[{"ty":"gr","it":[{"ind":0,"ty":"sh","ks":{"a":1,"k":[{"i":{"x":0.339,"y":1},"o":{"x":0.167,"y":0},"n":"0p339_1_0p167_0","t":17,"s":[{"i":[[3.604,2.524],[0,0],[-2.523,3.604],[0,0],[-3.604,-2.523],[2.524,-3.604],[0,0]],"o":[[0,0],[-3.604,-2.524],[0,0],[2.524,-3.604],[3.604,2.524],[0,0],[-2.524,3.605]],"v":[[-6.962,9.943],[-6.962,9.943],[-8.928,-1.199],[-4.18,-7.979],[6.962,-9.944],[8.926,1.198],[4.18,7.978]],"c":true}],"e":[{"i":[[4.185,1.36],[0,0],[-1.36,4.185],[0,0],[-4.185,-1.36],[1.36,-4.185],[0,0]],"o":[[0,0],[-4.185,-1.36],[0,0],[1.36,-4.184],[4.185,1.36],[0,0],[-1.36,4.184]],"v":[[-3.751,11.544],[-3.751,11.544],[-8.887,1.463],[-6.33,-6.409],[3.751,-11.545],[8.887,-1.464],[6.33,6.408]],"c":true}]},{"i":{"x":0.117,"y":1},"o":{"x":0.717,"y":0},"n":"0p117_1_0p717_0","t":19,"s":[{"i":[[4.185,1.36],[0,0],[-1.36,4.185],[0,0],[-4.185,-1.36],[1.36,-4.185],[0,0]],"o":[[0,0],[-4.185,-1.36],[0,0],[1.36,-4.184],[4.185,1.36],[0,0],[-1.36,4.184]],"v":[[-3.751,11.544],[-3.751,11.544],[-8.887,1.463],[-6.33,-6.409],[3.751,-11.545],[8.887,-1.464],[6.33,6.408]],"c":true}],"e":[{"i":[[2.709,3.467],[0,0],[-3.467,2.709],[0,0],[-2.709,-3.467],[3.467,-2.709],[0,0]],"o":[[0,0],[-2.709,-3.467],[0,0],[3.468,-2.709],[2.709,3.468],[0,0],[-3.467,2.709]],"v":[[-8.014,6.922],[-8.014,6.922],[-6.635,-4.307],[-0.113,-9.403],[11.117,-8.025],[9.738,3.205],[3.214,8.301]],"c":true}]},{"i":{"x":0.667,"y":1},"o":{"x":0.169,"y":0.384},"n":"0p667_1_0p169_0p384","t":22,"s":[{"i":[[2.709,3.467],[0,0],[-3.467,2.709],[0,0],[-2.709,-3.467],[3.467,-2.709],[0,0]],"o":[[0,0],[-2.709,-3.467],[0,0],[3.468,-2.709],[2.709,3.468],[0,0],[-3.467,2.709]],"v":[[-8.014,6.922],[-8.014,6.922],[-6.635,-4.307],[-0.113,-9.403],[11.117,-8.025],[9.738,3.205],[3.214,8.301]],"c":true}],"e":[{"i":[[3.111,3.111],[0,0],[-3.111,3.112],[0,0],[-3.112,-3.111],[3.111,-3.111],[0,0]],"o":[[0,0],[-3.111,-3.111],[0,0],[3.111,-3.111],[3.111,3.112],[0,0],[-3.112,3.111]],"v":[[-7.032,8.032],[-7.032,8.032],[-7.032,-3.282],[-1.179,-9.135],[10.135,-9.135],[10.135,2.179],[4.282,8.032]],"c":true}]},{"t":25}]},"nm":"Path 1","mn":"ADBE Vector Shape - Group"},{"ty":"st","c":{"a":0,"k":[0,0,0,1]},"o":{"a":0,"k":100},"w":{"a":0,"k":2},"lc":1,"lj":1,"ml":10,"nm":"Stroke 1","mn":"ADBE Vector Graphic - Stroke"},{"ty":"tr","p":{"a":0,"k":[13.366,35.635],"ix":2},"a":{"a":0,"k":[0,0],"ix":1},"s":{"a":0,"k":[100,100],"ix":3},"r":{"a":0,"k":0,"ix":6},"o":{"a":0,"k":100,"ix":7},"sk":{"a":0,"k":0,"ix":4},"sa":{"a":0,"k":0,"ix":5},"nm":"Transform"}],"nm":"Group 3","np":2,"mn":"ADBE Vector Group"},{"ty":"gr","it":[{"ind":0,"ty":"sh","ks":{"a":1,"k":[{"i":{"x":0.339,"y":1},"o":{"x":0.167,"y":0},"n":"0p339_1_0p167_0","t":17,"s":[{"i":[[2.524,3.604],[0,0],[-3.605,2.524],[0,0],[-2.524,-3.604],[3.604,-2.524],[0,0]],"o":[[0,0],[-2.524,-3.604],[0,0],[3.604,-2.524],[2.523,3.604],[0,0],[-3.604,2.523]],"v":[[-9.943,6.962],[-9.943,6.962],[-7.978,-4.18],[-1.198,-8.926],[9.944,-6.962],[7.979,4.18],[1.199,8.928]],"c":true}],"e":[{"i":[[1.36,4.185],[0,0],[-4.184,1.36],[0,0],[-1.36,-4.185],[4.184,-1.36],[0,0]],"o":[[0,0],[-1.36,-4.185],[0,0],[4.185,-1.36],[1.36,4.185],[0,0],[-4.185,1.36]],"v":[[-11.544,3.751],[-11.544,3.751],[-6.408,-6.33],[1.464,-8.887],[11.545,-3.751],[6.409,6.33],[-1.463,8.887]],"c":true}]},{"i":{"x":0.117,"y":1},"o":{"x":0.717,"y":0},"n":"0p117_1_0p717_0","t":19,"s":[{"i":[[1.36,4.185],[0,0],[-4.184,1.36],[0,0],[-1.36,-4.185],[4.184,-1.36],[0,0]],"o":[[0,0],[-1.36,-4.185],[0,0],[4.185,-1.36],[1.36,4.185],[0,0],[-4.185,1.36]],"v":[[-11.544,3.751],[-11.544,3.751],[-6.408,-6.33],[1.464,-8.887],[11.545,-3.751],[6.409,6.33],[-1.463,8.887]],"c":true}],"e":[{"i":[[3.467,2.709],[0,0],[-2.709,3.467],[0,0],[-3.468,-2.709],[2.709,-3.468],[0,0]],"o":[[0,0],[-3.467,-2.709],[0,0],[2.709,-3.467],[3.467,2.709],[0,0],[-2.709,3.467]],"v":[[-8.008,11.116],[-8.008,11.116],[-9.387,-0.113],[-4.29,-6.636],[6.939,-8.015],[8.318,3.215],[3.221,9.737]],"c":true}]},{"i":{"x":0.667,"y":1},"o":{"x":0.169,"y":0.384},"n":"0p667_1_0p169_0p384","t":22,"s":[{"i":[[3.467,2.709],[0,0],[-2.709,3.467],[0,0],[-3.468,-2.709],[2.709,-3.468],[0,0]],"o":[[0,0],[-3.467,-2.709],[0,0],[2.709,-3.467],[3.467,2.709],[0,0],[-2.709,3.467]],"v":[[-8.008,11.116],[-8.008,11.116],[-9.387,-0.113],[-4.29,-6.636],[6.939,-8.015],[8.318,3.215],[3.221,9.737]],"c":true}],"e":[{"i":[[3.111,3.111],[0,0],[-3.111,3.112],[0,0],[-3.112,-3.111],[3.111,-3.111],[0,0]],"o":[[0,0],[-3.111,-3.111],[0,0],[3.111,-3.111],[3.111,3.112],[0,0],[-3.112,3.111]],"v":[[-9.118,10.134],[-9.118,10.134],[-9.118,-1.18],[-3.265,-7.033],[8.049,-7.033],[8.049,4.281],[2.197,10.134]],"c":true}]},{"t":25}]},"nm":"Path 1","mn":"ADBE Vector Shape - Group"},{"ty":"st","c":{"a":0,"k":[0,0,0,1]},"o":{"a":0,"k":100},"w":{"a":0,"k":2},"lc":1,"lj":1,"ml":10,"nm":"Stroke 1","mn":"ADBE Vector Graphic - Stroke"},{"ty":"tr","p":{"a":0,"k":[35.618,13.366],"ix":2},"a":{"a":0,"k":[0,0],"ix":1},"s":{"a":0,"k":[100,100],"ix":3},"r":{"a":0,"k":0,"ix":6},"o":{"a":0,"k":100,"ix":7},"sk":{"a":0,"k":0,"ix":4},"sa":{"a":0,"k":0,"ix":5},"nm":"Transform"}],"nm":"Group 4","np":2,"mn":"ADBE Vector Group"}],"ip":14,"op":28,"st":14,"bm":0,"sr":1}]}
