{"v":"4.5.5","fr":24,"ip":0,"op":28,"w":50,"h":50,"ddd":0,"assets":[{"id":"comp_0","layers":[{"ddd":0,"ind":0,"ty":4,"nm":"No Microphone Outlines 3","ks":{"o":{"a":0,"k":100},"r":{"a":0,"k":0},"p":{"a":0,"k":[25,25,0]},"a":{"a":0,"k":[25,25,0]},"s":{"a":0,"k":[100,100,100]}},"ao":0,"ef":[{"ty":5,"nm":"Change to Color","mn":"ADBE Change To Color","ix":1,"en":1,"ef":[{"ty":2,"nm":"From","mn":"ADBE Change To Color-0001","ix":1,"v":{"a":0,"k":[0,0,0,1]}},{"ty":2,"nm":"To","mn":"ADBE Change To Color-0002","ix":2,"v":{"a":0,"k":[0,0.55,0.54,1]}},{"ty":7,"nm":"Change","mn":"ADBE Change To Color-0003","ix":3,"v":{"a":0,"k":4}},{"ty":7,"nm":"Change By","mn":"ADBE Change To Color-0004","ix":4,"v":{"a":0,"k":1}},{"ty":6,"nm":"Tolerance","mn":"ADBE Change To Color-0010","ix":5,"v":0},{"ty":0,"nm":"Hue","mn":"ADBE Change To Color-0005","ix":6,"v":{"a":0,"k":0.1}},{"ty":0,"nm":"Lightness","mn":"ADBE Change To Color-0006","ix":7,"v":{"a":0,"k":1}},{"ty":0,"nm":"Saturation","mn":"ADBE Change To Color-0007","ix":8,"v":{"a":0,"k":1}},{"ty":6,"nm":"Saturation","mn":"ADBE Change To Color-0011","ix":9,"v":0},{"ty":0,"nm":"Softness","mn":"ADBE Change To Color-0008","ix":10,"v":{"a":0,"k":0.5}},{"ty":7,"nm":"View Correction Matte","mn":"ADBE Change To Color-0009","ix":11,"v":{"a":0,"k":0}}]}],"shapes":[{"ty":"gr","it":[{"ind":0,"ty":"sh","ks":{"a":0,"k":{"i":[[0,0],[0,0]],"o":[[0,0],[0,0]],"v":[[-24,-24],[24,24]],"c":false}},"nm":"Path 1","mn":"ADBE Vector Shape - Group"},{"ty":"st","c":{"a":0,"k":[0,0,0,1]},"o":{"a":0,"k":100},"w":{"a":0,"k":2},"lc":2,"lj":2,"nm":"Stroke 1","mn":"ADBE Vector Graphic - Stroke"},{"ty":"tr","p":{"a":0,"k":[25,25],"ix":2},"a":{"a":0,"k":[0,0],"ix":1},"s":{"a":0,"k":[100,100],"ix":3},"r":{"a":0,"k":0,"ix":6},"o":{"a":0,"k":100,"ix":7},"sk":{"a":0,"k":0,"ix":4},"sa":{"a":0,"k":0,"ix":5},"nm":"Transform"}],"nm":"Group 2","np":2,"mn":"ADBE Vector Group"},{"ty":"tm","s":{"a":1,"k":[{"i":{"x":[0.667],"y":[1]},"o":{"x":[0.333],"y":[0]},"n":["0p667_1_0p333_0"],"t":3,"s":[100],"e":[0]},{"t":11}],"ix":1},"e":{"a":0,"k":100,"ix":2},"o":{"a":0,"k":0,"ix":3},"m":1,"ix":2,"nm":"Trim Paths 1","mn":"ADBE Vector Filter - Trim"}],"ip":0,"op":14,"st":0,"bm":0,"sr":1},{"ddd":0,"ind":1,"ty":4,"nm":"No Microphone Outlines","td":1,"ks":{"o":{"a":0,"k":100},"r":{"a":0,"k":0},"p":{"a":1,"k":[{"i":{"x":0.667,"y":1},"o":{"x":0.333,"y":0},"n":"0p667_1_0p333_0","t":3,"s":[70,70,0],"e":[25,25,0],"to":[-7.5,-7.5,0],"ti":[7.5,7.5,0]},{"t":11}]},"a":{"a":0,"k":[25,25,0]},"s":{"a":0,"k":[100,100,100]}},"ao":0,"shapes":[{"ty":"gr","it":[{"ind":0,"ty":"sh","ks":{"a":0,"k":{"i":[[0,0],[0,0],[1.172,1.172],[0,0],[-1.172,1.172]],"o":[[0,0],[-1.172,1.172],[0,0],[-1.172,-1.172],[0,0]],"v":[[24.801,24.642],[24.801,24.642],[20.558,24.642],[-24.585,-20.501],[-24.585,-24.744]],"c":true}},"nm":"Path 1","mn":"ADBE Vector Shape - Group"},{"ty":"fl","c":{"a":0,"k":[0.36,0.03,0.41,1]},"o":{"a":0,"k":100},"nm":"Fill 1","mn":"ADBE Vector Graphic - Fill"},{"ty":"tr","p":{"a":0,"k":[24.801,25.256],"ix":2},"a":{"a":0,"k":[0,0],"ix":1},"s":{"a":0,"k":[100,100],"ix":3},"r":{"a":0,"k":0,"ix":6},"o":{"a":0,"k":100,"ix":7},"sk":{"a":0,"k":0,"ix":4},"sa":{"a":0,"k":0,"ix":5},"nm":"Transform"}],"nm":"Group 1","np":2,"mn":"ADBE Vector Group"}],"ip":0,"op":14,"st":0,"bm":0,"sr":1},{"ddd":0,"ind":2,"ty":4,"nm":"Caps Lock On Outlines","tt":2,"ks":{"o":{"a":0,"k":100},"r":{"a":0,"k":0},"p":{"a":0,"k":[25,25,0]},"a":{"a":0,"k":[25,25,0]},"s":{"a":0,"k":[100,100,100]}},"ao":0,"ef":[{"ty":5,"nm":"Change to Color","mn":"ADBE Change To Color","ix":1,"en":1,"ef":[{"ty":2,"nm":"From","mn":"ADBE Change To Color-0001","ix":1,"v":{"a":0,"k":[0,0,0,1]}},{"ty":2,"nm":"To","mn":"ADBE Change To Color-0002","ix":2,"v":{"a":0,"k":[0,0.55,0.54,1]}},{"ty":7,"nm":"Change","mn":"ADBE Change To Color-0003","ix":3,"v":{"a":0,"k":4}},{"ty":7,"nm":"Change By","mn":"ADBE Change To Color-0004","ix":4,"v":{"a":0,"k":1}},{"ty":6,"nm":"Tolerance","mn":"ADBE Change To Color-0010","ix":5,"v":0},{"ty":0,"nm":"Hue","mn":"ADBE Change To Color-0005","ix":6,"v":{"a":0,"k":0.1}},{"ty":0,"nm":"Lightness","mn":"ADBE Change To Color-0006","ix":7,"v":{"a":0,"k":1}},{"ty":0,"nm":"Saturation","mn":"ADBE Change To Color-0007","ix":8,"v":{"a":0,"k":1}},{"ty":6,"nm":"Saturation","mn":"ADBE Change To Color-0011","ix":9,"v":0},{"ty":0,"nm":"Softness","mn":"ADBE Change To Color-0008","ix":10,"v":{"a":0,"k":0.5}},{"ty":7,"nm":"View Correction Matte","mn":"ADBE Change To Color-0009","ix":11,"v":{"a":0,"k":0}}]}],"shapes":[{"ty":"gr","it":[{"ind":0,"ty":"sh","ks":{"a":0,"k":{"i":[[0,0],[0,0],[0,0],[0,0],[0,0],[0,0],[0,0]],"o":[[0,0],[0,0],[0,0],[0,0],[0,0],[0,0],[0,0]],"v":[[18,1],[0,-17],[-18,1],[-9,1],[-9,17],[9,17],[9,1]],"c":true}},"nm":"Path 1","mn":"ADBE Vector Shape - Group"},{"ty":"st","c":{"a":0,"k":[0,0,0,1]},"o":{"a":0,"k":100},"w":{"a":0,"k":2},"lc":2,"lj":1,"ml":10,"nm":"Stroke 1","mn":"ADBE Vector Graphic - Stroke"},{"ty":"tr","p":{"a":0,"k":[25,20],"ix":2},"a":{"a":0,"k":[0,0],"ix":1},"s":{"a":0,"k":[100,100],"ix":3},"r":{"a":0,"k":0,"ix":6},"o":{"a":0,"k":100,"ix":7},"sk":{"a":0,"k":0,"ix":4},"sa":{"a":0,"k":0,"ix":5},"nm":"Transform"}],"nm":"Group 1","np":2,"mn":"ADBE Vector Group"},{"ty":"gr","it":[{"ind":0,"ty":"sh","ks":{"a":0,"k":{"i":[[0,0],[0,0],[0,0],[0,0]],"o":[[0,0],[0,0],[0,0],[0,0]],"v":[[9,3],[-9,3],[-9,-3],[9,-3]],"c":true}},"nm":"Path 1","mn":"ADBE Vector Shape - Group"},{"ty":"st","c":{"a":0,"k":[0,0,0,1]},"o":{"a":0,"k":100},"w":{"a":0,"k":2},"lc":2,"lj":1,"ml":10,"nm":"Stroke 1","mn":"ADBE Vector Graphic - Stroke"},{"ty":"tr","p":{"a":0,"k":[25,44],"ix":2},"a":{"a":0,"k":[0,0],"ix":1},"s":{"a":0,"k":[100,100],"ix":3},"r":{"a":0,"k":0,"ix":6},"o":{"a":0,"k":100,"ix":7},"sk":{"a":0,"k":0,"ix":4},"sa":{"a":0,"k":0,"ix":5},"nm":"Transform"}],"nm":"Group 2","np":2,"mn":"ADBE Vector Group"}],"ip":0,"op":14,"st":0,"bm":0,"sr":1}]},{"id":"comp_1","layers":[{"ddd":0,"ind":0,"ty":4,"nm":"No Microphone Outlines 3","ks":{"o":{"a":0,"k":100},"r":{"a":0,"k":0},"p":{"a":0,"k":[25,25,0]},"a":{"a":0,"k":[25,25,0]},"s":{"a":0,"k":[100,100,100]}},"ao":0,"ef":[{"ty":5,"nm":"Change to Color","mn":"ADBE Change To Color","ix":1,"en":1,"ef":[{"ty":2,"nm":"From","mn":"ADBE Change To Color-0001","ix":1,"v":{"a":0,"k":[0,0,0,1]}},{"ty":2,"nm":"To","mn":"ADBE Change To Color-0002","ix":2,"v":{"a":0,"k":[0,0.55,0.54,1]}},{"ty":7,"nm":"Change","mn":"ADBE Change To Color-0003","ix":3,"v":{"a":0,"k":4}},{"ty":7,"nm":"Change By","mn":"ADBE Change To Color-0004","ix":4,"v":{"a":0,"k":1}},{"ty":6,"nm":"Tolerance","mn":"ADBE Change To Color-0010","ix":5,"v":0},{"ty":0,"nm":"Hue","mn":"ADBE Change To Color-0005","ix":6,"v":{"a":0,"k":0.1}},{"ty":0,"nm":"Lightness","mn":"ADBE Change To Color-0006","ix":7,"v":{"a":0,"k":1}},{"ty":0,"nm":"Saturation","mn":"ADBE Change To Color-0007","ix":8,"v":{"a":0,"k":1}},{"ty":6,"nm":"Saturation","mn":"ADBE Change To Color-0011","ix":9,"v":0},{"ty":0,"nm":"Softness","mn":"ADBE Change To Color-0008","ix":10,"v":{"a":0,"k":0.5}},{"ty":7,"nm":"View Correction Matte","mn":"ADBE Change To Color-0009","ix":11,"v":{"a":0,"k":0}}]}],"shapes":[{"ty":"gr","it":[{"ind":0,"ty":"sh","ks":{"a":0,"k":{"i":[[0,0],[0,0]],"o":[[0,0],[0,0]],"v":[[-24,-24],[24,24]],"c":false}},"nm":"Path 1","mn":"ADBE Vector Shape - Group"},{"ty":"st","c":{"a":0,"k":[0,0,0,1]},"o":{"a":0,"k":100},"w":{"a":0,"k":2},"lc":2,"lj":2,"nm":"Stroke 1","mn":"ADBE Vector Graphic - Stroke"},{"ty":"tr","p":{"a":0,"k":[25,25],"ix":2},"a":{"a":0,"k":[0,0],"ix":1},"s":{"a":0,"k":[100,100],"ix":3},"r":{"a":0,"k":0,"ix":6},"o":{"a":0,"k":100,"ix":7},"sk":{"a":0,"k":0,"ix":4},"sa":{"a":0,"k":0,"ix":5},"nm":"Transform"}],"nm":"Group 2","np":2,"mn":"ADBE Vector Group"},{"ty":"tm","s":{"a":0,"k":0,"ix":1},"e":{"a":1,"k":[{"i":{"x":[0.667],"y":[1]},"o":{"x":[0.333],"y":[0]},"n":["0p667_1_0p333_0"],"t":3,"s":[100],"e":[0]},{"t":11}],"ix":2},"o":{"a":0,"k":0,"ix":3},"m":1,"ix":2,"nm":"Trim Paths 1","mn":"ADBE Vector Filter - Trim"}],"ip":0,"op":14,"st":0,"bm":0,"sr":1},{"ddd":0,"ind":1,"ty":4,"nm":"No Microphone Outlines","td":1,"ks":{"o":{"a":0,"k":100},"r":{"a":0,"k":0},"p":{"a":1,"k":[{"i":{"x":0.833,"y":1},"o":{"x":0.167,"y":0},"n":"0p833_1_0p167_0","t":3,"s":[25,25,0],"e":[-20,-20,0],"to":[-7.5,-7.5,0],"ti":[7.5,7.5,0]},{"t":11}]},"a":{"a":0,"k":[25,25,0]},"s":{"a":0,"k":[100,100,100]}},"ao":0,"shapes":[{"ty":"gr","it":[{"ind":0,"ty":"sh","ks":{"a":0,"k":{"i":[[0,0],[0,0],[1.172,1.172],[0,0],[-1.172,1.172]],"o":[[0,0],[-1.172,1.172],[0,0],[-1.172,-1.172],[0,0]],"v":[[24.801,24.642],[24.801,24.642],[20.558,24.642],[-24.585,-20.501],[-24.585,-24.744]],"c":true}},"nm":"Path 1","mn":"ADBE Vector Shape - Group"},{"ty":"fl","c":{"a":0,"k":[0.36,0.03,0.41,1]},"o":{"a":0,"k":100},"nm":"Fill 1","mn":"ADBE Vector Graphic - Fill"},{"ty":"tr","p":{"a":0,"k":[24.801,25.256],"ix":2},"a":{"a":0,"k":[0,0],"ix":1},"s":{"a":0,"k":[100,100],"ix":3},"r":{"a":0,"k":0,"ix":6},"o":{"a":0,"k":100,"ix":7},"sk":{"a":0,"k":0,"ix":4},"sa":{"a":0,"k":0,"ix":5},"nm":"Transform"}],"nm":"Group 1","np":2,"mn":"ADBE Vector Group"}],"ip":0,"op":14,"st":0,"bm":0,"sr":1},{"ddd":0,"ind":2,"ty":4,"nm":"Caps Lock On Outlines","tt":2,"ks":{"o":{"a":0,"k":100},"r":{"a":0,"k":0},"p":{"a":0,"k":[25,25,0]},"a":{"a":0,"k":[25,25,0]},"s":{"a":0,"k":[100,100,100]}},"ao":0,"ef":[{"ty":5,"nm":"Change to Color","mn":"ADBE Change To Color","ix":1,"en":1,"ef":[{"ty":2,"nm":"From","mn":"ADBE Change To Color-0001","ix":1,"v":{"a":0,"k":[0,0,0,1]}},{"ty":2,"nm":"To","mn":"ADBE Change To Color-0002","ix":2,"v":{"a":0,"k":[0,0.55,0.54,1]}},{"ty":7,"nm":"Change","mn":"ADBE Change To Color-0003","ix":3,"v":{"a":0,"k":4}},{"ty":7,"nm":"Change By","mn":"ADBE Change To Color-0004","ix":4,"v":{"a":0,"k":1}},{"ty":6,"nm":"Tolerance","mn":"ADBE Change To Color-0010","ix":5,"v":0},{"ty":0,"nm":"Hue","mn":"ADBE Change To Color-0005","ix":6,"v":{"a":0,"k":0.1}},{"ty":0,"nm":"Lightness","mn":"ADBE Change To Color-0006","ix":7,"v":{"a":0,"k":1}},{"ty":0,"nm":"Saturation","mn":"ADBE Change To Color-0007","ix":8,"v":{"a":0,"k":1}},{"ty":6,"nm":"Saturation","mn":"ADBE Change To Color-0011","ix":9,"v":0},{"ty":0,"nm":"Softness","mn":"ADBE Change To Color-0008","ix":10,"v":{"a":0,"k":0.5}},{"ty":7,"nm":"View Correction Matte","mn":"ADBE Change To Color-0009","ix":11,"v":{"a":0,"k":0}}]}],"shapes":[{"ty":"gr","it":[{"ind":0,"ty":"sh","ks":{"a":0,"k":{"i":[[0,0],[0,0],[0,0],[0,0],[0,0],[0,0],[0,0]],"o":[[0,0],[0,0],[0,0],[0,0],[0,0],[0,0],[0,0]],"v":[[18,1],[0,-17],[-18,1],[-9,1],[-9,17],[9,17],[9,1]],"c":true}},"nm":"Path 1","mn":"ADBE Vector Shape - Group"},{"ty":"st","c":{"a":0,"k":[0,0,0,1]},"o":{"a":0,"k":100},"w":{"a":0,"k":2},"lc":2,"lj":1,"ml":10,"nm":"Stroke 1","mn":"ADBE Vector Graphic - Stroke"},{"ty":"tr","p":{"a":0,"k":[25,20],"ix":2},"a":{"a":0,"k":[0,0],"ix":1},"s":{"a":0,"k":[100,100],"ix":3},"r":{"a":0,"k":0,"ix":6},"o":{"a":0,"k":100,"ix":7},"sk":{"a":0,"k":0,"ix":4},"sa":{"a":0,"k":0,"ix":5},"nm":"Transform"}],"nm":"Group 1","np":2,"mn":"ADBE Vector Group"},{"ty":"gr","it":[{"ind":0,"ty":"sh","ks":{"a":0,"k":{"i":[[0,0],[0,0],[0,0],[0,0]],"o":[[0,0],[0,0],[0,0],[0,0]],"v":[[9,3],[-9,3],[-9,-3],[9,-3]],"c":true}},"nm":"Path 1","mn":"ADBE Vector Shape - Group"},{"ty":"st","c":{"a":0,"k":[0,0,0,1]},"o":{"a":0,"k":100},"w":{"a":0,"k":2},"lc":2,"lj":1,"ml":10,"nm":"Stroke 1","mn":"ADBE Vector Graphic - Stroke"},{"ty":"tr","p":{"a":0,"k":[25,44],"ix":2},"a":{"a":0,"k":[0,0],"ix":1},"s":{"a":0,"k":[100,100],"ix":3},"r":{"a":0,"k":0,"ix":6},"o":{"a":0,"k":100,"ix":7},"sk":{"a":0,"k":0,"ix":4},"sa":{"a":0,"k":0,"ix":5},"nm":"Transform"}],"nm":"Group 2","np":2,"mn":"ADBE Vector Group"}],"ip":0,"op":14,"st":0,"bm":0,"sr":1}]}],"layers":[{"ddd":0,"ind":0,"ty":0,"nm":"Comp 1","refId":"comp_0","ks":{"o":{"a":0,"k":100},"r":{"a":0,"k":0},"p":{"a":0,"k":[25,25,0]},"a":{"a":0,"k":[25,25,0]},"s":{"a":0,"k":[100,100,100]}},"ao":0,"w":50,"h":50,"ip":0,"op":14,"st":0,"bm":0,"sr":1},{"ddd":0,"ind":1,"ty":0,"nm":"Comp 1","refId":"comp_1","ks":{"o":{"a":0,"k":100},"r":{"a":0,"k":0},"p":{"a":0,"k":[25,25,0]},"a":{"a":0,"k":[25,25,0]},"s":{"a":0,"k":[100,100,100]}},"ao":0,"w":50,"h":50,"ip":14,"op":28,"st":14,"bm":0,"sr":1}]}