{"v":"4.5.5","fr":24,"ip":0,"op":28,"w":50,"h":50,"ddd":0,"assets":[{"id":"comp_0","layers":[{"ddd":0,"ind":0,"ty":4,"nm":"Shape Layer 2","td":1,"ks":{"o":{"a":0,"k":100},"r":{"a":0,"k":0},"p":{"a":0,"k":[25,25,0]},"a":{"a":0,"k":[0,0,0]},"s":{"a":0,"k":[100,100,100]}},"ao":0,"shapes":[{"ty":"gr","it":[{"d":1,"ty":"el","s":{"a":0,"k":[34.875,34.125]},"p":{"a":0,"k":[0,0]},"nm":"Ellipse Path 1","mn":"ADBE Vector Shape - Ellipse"},{"ty":"st","c":{"a":0,"k":[0.25,0.32,0.71,1]},"o":{"a":0,"k":100},"w":{"a":0,"k":0},"lc":1,"lj":1,"ml":4,"nm":"Stroke 1","mn":"ADBE Vector Graphic - Stroke"},{"ty":"fl","c":{"a":0,"k":[0.16,0.71,0.39,1]},"o":{"a":0,"k":100},"nm":"Fill 1","mn":"ADBE Vector Graphic - Fill"},{"ty":"tr","p":{"a":0,"k":[-0.188,0.063],"ix":2},"a":{"a":0,"k":[0,0],"ix":1},"s":{"a":0,"k":[97.779,101.45],"ix":3},"r":{"a":0,"k":0,"ix":6},"o":{"a":0,"k":100,"ix":7},"sk":{"a":0,"k":0,"ix":4},"sa":{"a":0,"k":0,"ix":5},"nm":"Transform"}],"nm":"Ellipse 1","np":3,"mn":"ADBE Vector Group"}],"ip":0,"op":14,"st":0,"bm":0,"sr":1},{"ddd":0,"ind":1,"ty":4,"nm":"Cheap Outlines 2","tt":2,"ks":{"o":{"a":0,"k":100},"r":{"a":0,"k":0},"p":{"a":0,"k":[25,25,0]},"a":{"a":0,"k":[25,25,0]},"s":{"a":0,"k":[100,100,100]}},"ao":0,"ef":[{"ty":5,"nm":"Change to Color","mn":"ADBE Change To Color","ix":1,"en":1,"ef":[{"ty":2,"nm":"From","mn":"ADBE Change To Color-0001","ix":1,"v":{"a":0,"k":[0,0,0,1]}},{"ty":2,"nm":"To","mn":"ADBE Change To Color-0002","ix":2,"v":{"a":0,"k":[0,0.55,0.54,1]}},{"ty":7,"nm":"Change","mn":"ADBE Change To Color-0003","ix":3,"v":{"a":0,"k":4}},{"ty":7,"nm":"Change By","mn":"ADBE Change To Color-0004","ix":4,"v":{"a":0,"k":1}},{"ty":6,"nm":"Tolerance","mn":"ADBE Change To Color-0010","ix":5,"v":0},{"ty":0,"nm":"Hue","mn":"ADBE Change To Color-0005","ix":6,"v":{"a":0,"k":0.1}},{"ty":0,"nm":"Lightness","mn":"ADBE Change To Color-0006","ix":7,"v":{"a":0,"k":1}},{"ty":0,"nm":"Saturation","mn":"ADBE Change To Color-0007","ix":8,"v":{"a":0,"k":1}},{"ty":6,"nm":"Saturation","mn":"ADBE Change To Color-0011","ix":9,"v":0},{"ty":0,"nm":"Softness","mn":"ADBE Change To Color-0008","ix":10,"v":{"a":0,"k":0.5}},{"ty":7,"nm":"View Correction Matte","mn":"ADBE Change To Color-0009","ix":11,"v":{"a":0,"k":0}}]}],"shapes":[{"ty":"gr","it":[{"ind":0,"ty":"sh","ks":{"a":0,"k":{"i":[[9.4,0],[0,-9.4],[-9.4,0],[0,9.4]],"o":[[-9.4,0],[0,9.4],[9.4,0],[0,-9.4]],"v":[[0,-17],[-17,0],[0,17],[17,0]],"c":true}},"nm":"Path 1","mn":"ADBE Vector Shape - Group"},{"ty":"st","c":{"a":0,"k":[0,0,0,1]},"o":{"a":0,"k":100},"w":{"a":0,"k":2},"lc":2,"lj":2,"nm":"Stroke 1","mn":"ADBE Vector Graphic - Stroke"},{"ty":"tr","p":{"a":1,"k":[{"i":{"x":0.833,"y":0.833},"o":{"x":0.167,"y":0.167},"n":"0p833_0p833_0p167_0p167","t":6,"s":[25,25],"e":[32,25],"to":[1.16666662693024,0],"ti":[-1.16666662693024,0]},{"t":10}],"ix":2},"a":{"a":0,"k":[0,0],"ix":1},"s":{"a":0,"k":[100,100],"ix":3},"r":{"a":0,"k":0,"ix":6},"o":{"a":0,"k":100,"ix":7},"sk":{"a":0,"k":0,"ix":4},"sa":{"a":0,"k":0,"ix":5},"nm":"Transform"}],"nm":"Group 3","np":2,"mn":"ADBE Vector Group"}],"ip":0,"op":14,"st":0,"bm":0,"sr":1},{"ddd":0,"ind":2,"ty":4,"nm":"Shape Layer 1","td":1,"ks":{"o":{"a":0,"k":100},"r":{"a":0,"k":0},"p":{"a":1,"k":[{"i":{"x":0.667,"y":1},"o":{"x":0.333,"y":0},"n":"0p667_1_0p333_0","t":4,"s":[25,25,0],"e":[17.75,25,0],"to":[-1.20833337306976,0,0],"ti":[1.20833337306976,0,0]},{"t":11}]},"a":{"a":0,"k":[0,0,0]},"s":{"a":0,"k":[100,100,100]}},"ao":0,"shapes":[{"ty":"gr","it":[{"d":1,"ty":"el","s":{"a":0,"k":[34.875,34.125]},"p":{"a":0,"k":[0,0]},"nm":"Ellipse Path 1","mn":"ADBE Vector Shape - Ellipse"},{"ty":"st","c":{"a":0,"k":[0.25,0.32,0.71,1]},"o":{"a":0,"k":100},"w":{"a":0,"k":0},"lc":1,"lj":1,"ml":4,"nm":"Stroke 1","mn":"ADBE Vector Graphic - Stroke"},{"ty":"fl","c":{"a":0,"k":[0.16,0.71,0.39,1]},"o":{"a":0,"k":100},"nm":"Fill 1","mn":"ADBE Vector Graphic - Fill"},{"ty":"tr","p":{"a":0,"k":[-0.188,0.063],"ix":2},"a":{"a":0,"k":[0,0],"ix":1},"s":{"a":0,"k":[97.779,101.45],"ix":3},"r":{"a":0,"k":0,"ix":6},"o":{"a":0,"k":100,"ix":7},"sk":{"a":0,"k":0,"ix":4},"sa":{"a":0,"k":0,"ix":5},"nm":"Transform"}],"nm":"Ellipse 1","np":3,"mn":"ADBE Vector Group"}],"ip":0,"op":14,"st":0,"bm":0,"sr":1},{"ddd":0,"ind":3,"ty":4,"nm":"Cheap Outlines","tt":2,"ks":{"o":{"a":0,"k":100},"r":{"a":0,"k":0},"p":{"a":0,"k":[25,25,0]},"a":{"a":0,"k":[25,25,0]},"s":{"a":0,"k":[100,100,100]}},"ao":0,"ef":[{"ty":5,"nm":"Change to Color","mn":"ADBE Change To Color","ix":1,"en":1,"ef":[{"ty":2,"nm":"From","mn":"ADBE Change To Color-0001","ix":1,"v":{"a":0,"k":[0,0,0,1]}},{"ty":2,"nm":"To","mn":"ADBE Change To Color-0002","ix":2,"v":{"a":0,"k":[0,0.55,0.54,1]}},{"ty":7,"nm":"Change","mn":"ADBE Change To Color-0003","ix":3,"v":{"a":0,"k":4}},{"ty":7,"nm":"Change By","mn":"ADBE Change To Color-0004","ix":4,"v":{"a":0,"k":1}},{"ty":6,"nm":"Tolerance","mn":"ADBE Change To Color-0010","ix":5,"v":0},{"ty":0,"nm":"Hue","mn":"ADBE Change To Color-0005","ix":6,"v":{"a":0,"k":0.1}},{"ty":0,"nm":"Lightness","mn":"ADBE Change To Color-0006","ix":7,"v":{"a":0,"k":1}},{"ty":0,"nm":"Saturation","mn":"ADBE Change To Color-0007","ix":8,"v":{"a":0,"k":1}},{"ty":6,"nm":"Saturation","mn":"ADBE Change To Color-0011","ix":9,"v":0},{"ty":0,"nm":"Softness","mn":"ADBE Change To Color-0008","ix":10,"v":{"a":0,"k":0.5}},{"ty":7,"nm":"View Correction Matte","mn":"ADBE Change To Color-0009","ix":11,"v":{"a":0,"k":0}}]}],"shapes":[{"ty":"gr","it":[{"ind":0,"ty":"sh","ks":{"a":0,"k":{"i":[[9.4,0],[0,-9.4],[-9.4,0],[0,9.4]],"o":[[-9.4,0],[0,9.4],[9.4,0],[0,-9.4]],"v":[[0,-17],[-17,0],[0,17],[17,0]],"c":true}},"nm":"Path 1","mn":"ADBE Vector Shape - Group"},{"ty":"st","c":{"a":0,"k":[0,0,0,1]},"o":{"a":0,"k":100},"w":{"a":0,"k":2},"lc":2,"lj":2,"nm":"Stroke 1","mn":"ADBE Vector Graphic - Stroke"},{"ty":"tr","p":{"a":0,"k":[24.9,25],"ix":2},"a":{"a":0,"k":[0,0],"ix":1},"s":{"a":0,"k":[100,100],"ix":3},"r":{"a":0,"k":0,"ix":6},"o":{"a":0,"k":100,"ix":7},"sk":{"a":0,"k":0,"ix":4},"sa":{"a":0,"k":0,"ix":5},"nm":"Transform"}],"nm":"Group 4","np":2,"mn":"ADBE Vector Group"}],"ip":0,"op":14,"st":0,"bm":0,"sr":1},{"ddd":0,"ind":4,"ty":4,"nm":"Expensive Outlines","ks":{"o":{"a":0,"k":100},"r":{"a":1,"k":[{"i":{"x":[0.667],"y":[1]},"o":{"x":[0.167],"y":[0.167]},"n":["0p667_1_0p167_0p167"],"t":3,"s":[0],"e":[14]},{"i":{"x":[0.667],"y":[0.667]},"o":{"x":[0.333],"y":[0.333]},"n":["0p667_0p667_0p333_0p333"],"t":4,"s":[14],"e":[14]},{"i":{"x":[0.833],"y":[0.833]},"o":{"x":[0.333],"y":[0]},"n":["0p833_0p833_0p333_0"],"t":10,"s":[14],"e":[0]},{"t":11}]},"p":{"a":1,"k":[{"i":{"x":0.667,"y":1},"o":{"x":0.167,"y":0.167},"n":"0p667_1_0p167_0p167","t":3,"s":[32.063,25,0],"e":[32.063,26.75,0],"to":[0,0.04166666790843,0],"ti":[1.17708337306976,0.29166665673256,0]},{"i":{"x":0.667,"y":1},"o":{"x":0.333,"y":0},"n":"0p667_1_0p333_0","t":4,"s":[32.063,26.75,0],"e":[27.355,27.083,0],"to":[-0.74775689840317,-0.18528489768505,0],"ti":[1.78730666637421,0.44287246465683,0]},{"i":{"x":0.833,"y":0.833},"o":{"x":0.333,"y":0},"n":"0p833_0p833_0p333_0","t":10,"s":[27.355,27.083,0],"e":[25,25,0],"to":[-1.02618658542633,-0.25427630543709,0],"ti":[0.42932644486427,0.10638177394867,0]},{"t":11}]},"a":{"a":0,"k":[25,25,0]},"s":{"a":0,"k":[100,100,100]}},"ao":0,"ef":[{"ty":5,"nm":"Change to Color","mn":"ADBE Change To Color","ix":1,"en":1,"ef":[{"ty":2,"nm":"From","mn":"ADBE Change To Color-0001","ix":1,"v":{"a":0,"k":[0,0,0,1]}},{"ty":2,"nm":"To","mn":"ADBE Change To Color-0002","ix":2,"v":{"a":0,"k":[0,0.55,0.54,1]}},{"ty":7,"nm":"Change","mn":"ADBE Change To Color-0003","ix":3,"v":{"a":0,"k":4}},{"ty":7,"nm":"Change By","mn":"ADBE Change To Color-0004","ix":4,"v":{"a":0,"k":1}},{"ty":6,"nm":"Tolerance","mn":"ADBE Change To Color-0010","ix":5,"v":0},{"ty":0,"nm":"Hue","mn":"ADBE Change To Color-0005","ix":6,"v":{"a":0,"k":0.1}},{"ty":0,"nm":"Lightness","mn":"ADBE Change To Color-0006","ix":7,"v":{"a":0,"k":1}},{"ty":0,"nm":"Saturation","mn":"ADBE Change To Color-0007","ix":8,"v":{"a":0,"k":1}},{"ty":6,"nm":"Saturation","mn":"ADBE Change To Color-0011","ix":9,"v":0},{"ty":0,"nm":"Softness","mn":"ADBE Change To Color-0008","ix":10,"v":{"a":0,"k":0.5}},{"ty":7,"nm":"View Correction Matte","mn":"ADBE Change To Color-0009","ix":11,"v":{"a":0,"k":0}}]}],"shapes":[{"ty":"gr","it":[{"ind":0,"ty":"sh","ks":{"a":0,"k":{"i":[[0,0],[0,0],[0,0],[0.293,-0.391],[0.58,-0.29],[0.542,-0.108],[0.419,-0.007],[0,0],[0,0],[0,0]],"o":[[0,0],[0,0],[-0.124,0.558],[-0.228,0.304],[-0.555,0.224],[-0.472,0.079],[0,0],[0,0],[0,0],[0,0]],"v":[[2.7,8],[2.7,-8],[2.117,-8],[1.5,-6.6],[0.223,-5.453],[-1.402,-4.91],[-2.7,-4.802],[-2.7,-4.2],[1.7,-4.2],[1.7,8]],"c":true}},"nm":"Path 1","mn":"ADBE Vector Shape - Group"},{"ty":"fl","c":{"a":0,"k":[0,0,0,1]},"o":{"a":0,"k":100},"nm":"Fill 1","mn":"ADBE Vector Graphic - Fill"},{"ty":"tr","p":{"a":0,"k":[15.8,25],"ix":2},"a":{"a":0,"k":[0,0],"ix":1},"s":{"a":0,"k":[100,100],"ix":3},"r":{"a":0,"k":0,"ix":6},"o":{"a":0,"k":100,"ix":7},"sk":{"a":0,"k":0,"ix":4},"sa":{"a":0,"k":0,"ix":5},"nm":"Transform"}],"nm":"Group 3","np":2,"mn":"ADBE Vector Group"},{"ty":"gr","it":[{"ind":0,"ty":"sh","ks":{"a":0,"k":{"i":[[9.4,0],[0,-9.4],[-9.4,0],[0,9.4]],"o":[[-9.4,0],[0,9.4],[9.4,0],[0,-9.4]],"v":[[0,-17],[-17,0],[0,17],[17,0]],"c":true}},"nm":"Path 1","mn":"ADBE Vector Shape - Group"},{"ty":"st","c":{"a":0,"k":[0,0,0,1]},"o":{"a":0,"k":100},"w":{"a":0,"k":2},"lc":2,"lj":2,"nm":"Stroke 1","mn":"ADBE Vector Graphic - Stroke"},{"ty":"tr","p":{"a":0,"k":[17.9,25],"ix":2},"a":{"a":0,"k":[0,0],"ix":1},"s":{"a":0,"k":[100,100],"ix":3},"r":{"a":0,"k":0,"ix":6},"o":{"a":0,"k":100,"ix":7},"sk":{"a":0,"k":0,"ix":4},"sa":{"a":0,"k":0,"ix":5},"nm":"Transform"}],"nm":"Group 2","np":2,"mn":"ADBE Vector Group"}],"ip":0,"op":14,"st":0,"bm":0,"sr":1}]},{"id":"comp_1","layers":[{"ddd":0,"ind":0,"ty":4,"nm":"Shape Layer 2","td":1,"ks":{"o":{"a":0,"k":100},"r":{"a":0,"k":0},"p":{"a":0,"k":[25,25,0]},"a":{"a":0,"k":[0,0,0]},"s":{"a":0,"k":[100,100,100]}},"ao":0,"shapes":[{"ty":"gr","it":[{"d":1,"ty":"el","s":{"a":0,"k":[34.875,34.125]},"p":{"a":0,"k":[0,0]},"nm":"Ellipse Path 1","mn":"ADBE Vector Shape - Ellipse"},{"ty":"st","c":{"a":0,"k":[0.25,0.32,0.71,1]},"o":{"a":0,"k":100},"w":{"a":0,"k":0},"lc":1,"lj":1,"ml":4,"nm":"Stroke 1","mn":"ADBE Vector Graphic - Stroke"},{"ty":"fl","c":{"a":0,"k":[0.16,0.71,0.39,1]},"o":{"a":0,"k":100},"nm":"Fill 1","mn":"ADBE Vector Graphic - Fill"},{"ty":"tr","p":{"a":0,"k":[-0.188,0.063],"ix":2},"a":{"a":0,"k":[0,0],"ix":1},"s":{"a":0,"k":[97.779,101.45],"ix":3},"r":{"a":0,"k":0,"ix":6},"o":{"a":0,"k":100,"ix":7},"sk":{"a":0,"k":0,"ix":4},"sa":{"a":0,"k":0,"ix":5},"nm":"Transform"}],"nm":"Ellipse 1","np":3,"mn":"ADBE Vector Group"}],"ip":0,"op":14,"st":0,"bm":0,"sr":1},{"ddd":0,"ind":1,"ty":4,"nm":"Cheap Outlines 2","tt":2,"ks":{"o":{"a":0,"k":100},"r":{"a":0,"k":0},"p":{"a":0,"k":[25,25,0]},"a":{"a":0,"k":[25,25,0]},"s":{"a":0,"k":[100,100,100]}},"ao":0,"ef":[{"ty":5,"nm":"Change to Color","mn":"ADBE Change To Color","ix":1,"en":1,"ef":[{"ty":2,"nm":"From","mn":"ADBE Change To Color-0001","ix":1,"v":{"a":0,"k":[0,0,0,1]}},{"ty":2,"nm":"To","mn":"ADBE Change To Color-0002","ix":2,"v":{"a":0,"k":[0,0.55,0.54,1]}},{"ty":7,"nm":"Change","mn":"ADBE Change To Color-0003","ix":3,"v":{"a":0,"k":4}},{"ty":7,"nm":"Change By","mn":"ADBE Change To Color-0004","ix":4,"v":{"a":0,"k":1}},{"ty":6,"nm":"Tolerance","mn":"ADBE Change To Color-0010","ix":5,"v":0},{"ty":0,"nm":"Hue","mn":"ADBE Change To Color-0005","ix":6,"v":{"a":0,"k":0.1}},{"ty":0,"nm":"Lightness","mn":"ADBE Change To Color-0006","ix":7,"v":{"a":0,"k":1}},{"ty":0,"nm":"Saturation","mn":"ADBE Change To Color-0007","ix":8,"v":{"a":0,"k":1}},{"ty":6,"nm":"Saturation","mn":"ADBE Change To Color-0011","ix":9,"v":0},{"ty":0,"nm":"Softness","mn":"ADBE Change To Color-0008","ix":10,"v":{"a":0,"k":0.5}},{"ty":7,"nm":"View Correction Matte","mn":"ADBE Change To Color-0009","ix":11,"v":{"a":0,"k":0}}]}],"shapes":[{"ty":"gr","it":[{"ind":0,"ty":"sh","ks":{"a":0,"k":{"i":[[9.4,0],[0,-9.4],[-9.4,0],[0,9.4]],"o":[[-9.4,0],[0,9.4],[9.4,0],[0,-9.4]],"v":[[0,-17],[-17,0],[0,17],[17,0]],"c":true}},"nm":"Path 1","mn":"ADBE Vector Shape - Group"},{"ty":"st","c":{"a":0,"k":[0,0,0,1]},"o":{"a":0,"k":100},"w":{"a":0,"k":2},"lc":2,"lj":2,"nm":"Stroke 1","mn":"ADBE Vector Graphic - Stroke"},{"ty":"tr","p":{"a":1,"k":[{"i":{"x":0.833,"y":0.833},"o":{"x":0.167,"y":0.167},"n":"0p833_0p833_0p167_0p167","t":4,"s":[32,25],"e":[25,25],"to":[-1.16666662693024,0],"ti":[1.16666662693024,0]},{"t":8}],"ix":2},"a":{"a":0,"k":[0,0],"ix":1},"s":{"a":0,"k":[100,100],"ix":3},"r":{"a":0,"k":0,"ix":6},"o":{"a":0,"k":100,"ix":7},"sk":{"a":0,"k":0,"ix":4},"sa":{"a":0,"k":0,"ix":5},"nm":"Transform"}],"nm":"Group 3","np":2,"mn":"ADBE Vector Group"}],"ip":0,"op":14,"st":0,"bm":0,"sr":1},{"ddd":0,"ind":2,"ty":4,"nm":"Shape Layer 1","td":1,"ks":{"o":{"a":0,"k":100},"r":{"a":0,"k":0},"p":{"a":1,"k":[{"i":{"x":0.667,"y":1},"o":{"x":0.167,"y":0},"n":"0p667_1_0p167_0","t":3,"s":[18.25,25,0],"e":[25,25,0],"to":[1.125,0,0],"ti":[-1.125,0,0]},{"t":10}]},"a":{"a":0,"k":[0,0,0]},"s":{"a":0,"k":[100,100,100]}},"ao":0,"shapes":[{"ty":"gr","it":[{"d":1,"ty":"el","s":{"a":0,"k":[34.875,34.125]},"p":{"a":0,"k":[0,0]},"nm":"Ellipse Path 1","mn":"ADBE Vector Shape - Ellipse"},{"ty":"st","c":{"a":0,"k":[0.25,0.32,0.71,1]},"o":{"a":0,"k":100},"w":{"a":0,"k":0},"lc":1,"lj":1,"ml":4,"nm":"Stroke 1","mn":"ADBE Vector Graphic - Stroke"},{"ty":"fl","c":{"a":0,"k":[0.16,0.71,0.39,1]},"o":{"a":0,"k":100},"nm":"Fill 1","mn":"ADBE Vector Graphic - Fill"},{"ty":"tr","p":{"a":0,"k":[-0.188,0.063],"ix":2},"a":{"a":0,"k":[0,0],"ix":1},"s":{"a":0,"k":[97.779,101.45],"ix":3},"r":{"a":0,"k":0,"ix":6},"o":{"a":0,"k":100,"ix":7},"sk":{"a":0,"k":0,"ix":4},"sa":{"a":0,"k":0,"ix":5},"nm":"Transform"}],"nm":"Ellipse 1","np":3,"mn":"ADBE Vector Group"}],"ip":0,"op":14,"st":0,"bm":0,"sr":1},{"ddd":0,"ind":3,"ty":4,"nm":"Cheap Outlines","tt":2,"ks":{"o":{"a":0,"k":100},"r":{"a":0,"k":0},"p":{"a":0,"k":[25,25,0]},"a":{"a":0,"k":[25,25,0]},"s":{"a":0,"k":[100,100,100]}},"ao":0,"ef":[{"ty":5,"nm":"Change to Color","mn":"ADBE Change To Color","ix":1,"en":1,"ef":[{"ty":2,"nm":"From","mn":"ADBE Change To Color-0001","ix":1,"v":{"a":0,"k":[0,0,0,1]}},{"ty":2,"nm":"To","mn":"ADBE Change To Color-0002","ix":2,"v":{"a":0,"k":[0,0.55,0.54,1]}},{"ty":7,"nm":"Change","mn":"ADBE Change To Color-0003","ix":3,"v":{"a":0,"k":4}},{"ty":7,"nm":"Change By","mn":"ADBE Change To Color-0004","ix":4,"v":{"a":0,"k":1}},{"ty":6,"nm":"Tolerance","mn":"ADBE Change To Color-0010","ix":5,"v":0},{"ty":0,"nm":"Hue","mn":"ADBE Change To Color-0005","ix":6,"v":{"a":0,"k":0.1}},{"ty":0,"nm":"Lightness","mn":"ADBE Change To Color-0006","ix":7,"v":{"a":0,"k":1}},{"ty":0,"nm":"Saturation","mn":"ADBE Change To Color-0007","ix":8,"v":{"a":0,"k":1}},{"ty":6,"nm":"Saturation","mn":"ADBE Change To Color-0011","ix":9,"v":0},{"ty":0,"nm":"Softness","mn":"ADBE Change To Color-0008","ix":10,"v":{"a":0,"k":0.5}},{"ty":7,"nm":"View Correction Matte","mn":"ADBE Change To Color-0009","ix":11,"v":{"a":0,"k":0}}]}],"shapes":[{"ty":"gr","it":[{"ind":0,"ty":"sh","ks":{"a":0,"k":{"i":[[9.4,0],[0,-9.4],[-9.4,0],[0,9.4]],"o":[[-9.4,0],[0,9.4],[9.4,0],[0,-9.4]],"v":[[0,-17],[-17,0],[0,17],[17,0]],"c":true}},"nm":"Path 1","mn":"ADBE Vector Shape - Group"},{"ty":"st","c":{"a":0,"k":[0,0,0,1]},"o":{"a":0,"k":100},"w":{"a":0,"k":2},"lc":2,"lj":2,"nm":"Stroke 1","mn":"ADBE Vector Graphic - Stroke"},{"ty":"tr","p":{"a":0,"k":[24.9,25],"ix":2},"a":{"a":0,"k":[0,0],"ix":1},"s":{"a":0,"k":[100,100],"ix":3},"r":{"a":0,"k":0,"ix":6},"o":{"a":0,"k":100,"ix":7},"sk":{"a":0,"k":0,"ix":4},"sa":{"a":0,"k":0,"ix":5},"nm":"Transform"}],"nm":"Group 4","np":2,"mn":"ADBE Vector Group"}],"ip":0,"op":14,"st":0,"bm":0,"sr":1},{"ddd":0,"ind":4,"ty":4,"nm":"Expensive Outlines","ks":{"o":{"a":0,"k":100},"r":{"a":1,"k":[{"i":{"x":[0.667],"y":[1]},"o":{"x":[0.167],"y":[0.167]},"n":["0p667_1_0p167_0p167"],"t":3,"s":[0],"e":[14]},{"i":{"x":[0.667],"y":[0.667]},"o":{"x":[0.167],"y":[0.167]},"n":["0p667_0p667_0p167_0p167"],"t":4,"s":[14],"e":[14]},{"i":{"x":[0.833],"y":[0.833]},"o":{"x":[0.167],"y":[0]},"n":["0p833_0p833_0p167_0"],"t":10,"s":[14],"e":[0]},{"t":11}]},"p":{"a":1,"k":[{"i":{"x":0.667,"y":1},"o":{"x":0.167,"y":0.167},"n":"0p667_1_0p167_0p167","t":3,"s":[25,25,0],"e":[27.355,27.083,0],"to":[-1.17708337306976,-0.29166665673256,0],"ti":[1.78730666637421,0.44287246465683,0]},{"i":{"x":0.667,"y":1},"o":{"x":0.167,"y":0},"n":"0p667_1_0p167_0","t":4,"s":[27.355,27.083,0],"e":[32.063,26.75,0],"to":[-1.02618658542633,-0.25427630543709,0],"ti":[1.17708337306976,0.29166665673256,0]},{"i":{"x":0.833,"y":0.833},"o":{"x":0.167,"y":0},"n":"0p833_0p833_0p167_0","t":10,"s":[32.063,26.75,0],"e":[32.063,25,0],"to":[-0.74775689840317,-0.18528489768505,0],"ti":[0,-0.04166666790843,0]},{"t":11}]},"a":{"a":0,"k":[25,25,0]},"s":{"a":0,"k":[100,100,100]}},"ao":0,"ef":[{"ty":5,"nm":"Change to Color","mn":"ADBE Change To Color","ix":1,"en":1,"ef":[{"ty":2,"nm":"From","mn":"ADBE Change To Color-0001","ix":1,"v":{"a":0,"k":[0,0,0,1]}},{"ty":2,"nm":"To","mn":"ADBE Change To Color-0002","ix":2,"v":{"a":0,"k":[0,0.55,0.54,1]}},{"ty":7,"nm":"Change","mn":"ADBE Change To Color-0003","ix":3,"v":{"a":0,"k":4}},{"ty":7,"nm":"Change By","mn":"ADBE Change To Color-0004","ix":4,"v":{"a":0,"k":1}},{"ty":6,"nm":"Tolerance","mn":"ADBE Change To Color-0010","ix":5,"v":0},{"ty":0,"nm":"Hue","mn":"ADBE Change To Color-0005","ix":6,"v":{"a":0,"k":0.1}},{"ty":0,"nm":"Lightness","mn":"ADBE Change To Color-0006","ix":7,"v":{"a":0,"k":1}},{"ty":0,"nm":"Saturation","mn":"ADBE Change To Color-0007","ix":8,"v":{"a":0,"k":1}},{"ty":6,"nm":"Saturation","mn":"ADBE Change To Color-0011","ix":9,"v":0},{"ty":0,"nm":"Softness","mn":"ADBE Change To Color-0008","ix":10,"v":{"a":0,"k":0.5}},{"ty":7,"nm":"View Correction Matte","mn":"ADBE Change To Color-0009","ix":11,"v":{"a":0,"k":0}}]}],"shapes":[{"ty":"gr","it":[{"ind":0,"ty":"sh","ks":{"a":0,"k":{"i":[[9.4,0],[0,-9.4],[-9.4,0],[0,9.4]],"o":[[-9.4,0],[0,9.4],[9.4,0],[0,-9.4]],"v":[[0,-17],[-17,0],[0,17],[17,0]],"c":true}},"nm":"Path 1","mn":"ADBE Vector Shape - Group"},{"ty":"st","c":{"a":0,"k":[0,0,0,1]},"o":{"a":0,"k":100},"w":{"a":0,"k":2},"lc":2,"lj":2,"nm":"Stroke 1","mn":"ADBE Vector Graphic - Stroke"},{"ty":"tr","p":{"a":0,"k":[17.9,25],"ix":2},"a":{"a":0,"k":[0,0],"ix":1},"s":{"a":0,"k":[100,100],"ix":3},"r":{"a":0,"k":0,"ix":6},"o":{"a":0,"k":100,"ix":7},"sk":{"a":0,"k":0,"ix":4},"sa":{"a":0,"k":0,"ix":5},"nm":"Transform"}],"nm":"Group 2","np":2,"mn":"ADBE Vector Group"},{"ty":"gr","it":[{"ind":0,"ty":"sh","ks":{"a":0,"k":{"i":[[0,0],[0,0],[0,0],[0.293,-0.391],[0.58,-0.29],[0.542,-0.108],[0.419,-0.007],[0,0],[0,0],[0,0]],"o":[[0,0],[0,0],[-0.124,0.558],[-0.228,0.304],[-0.555,0.224],[-0.472,0.079],[0,0],[0,0],[0,0],[0,0]],"v":[[2.7,8],[2.7,-8],[2.117,-8],[1.5,-6.6],[0.223,-5.453],[-1.402,-4.91],[-2.7,-4.802],[-2.7,-4.2],[1.7,-4.2],[1.7,8]],"c":true}},"nm":"Path 1","mn":"ADBE Vector Shape - Group"},{"ty":"fl","c":{"a":0,"k":[0,0,0,1]},"o":{"a":0,"k":100},"nm":"Fill 1","mn":"ADBE Vector Graphic - Fill"},{"ty":"tr","p":{"a":0,"k":[15.8,25],"ix":2},"a":{"a":0,"k":[0,0],"ix":1},"s":{"a":0,"k":[100,100],"ix":3},"r":{"a":0,"k":0,"ix":6},"o":{"a":0,"k":100,"ix":7},"sk":{"a":0,"k":0,"ix":4},"sa":{"a":0,"k":0,"ix":5},"nm":"Transform"}],"nm":"Group 3","np":2,"mn":"ADBE Vector Group"}],"ip":0,"op":14,"st":0,"bm":0,"sr":1}]}],"layers":[{"ddd":0,"ind":0,"ty":0,"nm":"Comp 1","refId":"comp_0","ks":{"o":{"a":0,"k":100},"r":{"a":0,"k":0},"p":{"a":0,"k":[25,25,0]},"a":{"a":0,"k":[25,25,0]},"s":{"a":0,"k":[100,100,100]}},"ao":0,"w":50,"h":50,"ip":0,"op":14,"st":0,"bm":0,"sr":1},{"ddd":0,"ind":1,"ty":0,"nm":"Comp 1","refId":"comp_1","ks":{"o":{"a":0,"k":100},"r":{"a":0,"k":0},"p":{"a":0,"k":[25,25,0]},"a":{"a":0,"k":[25,25,0]},"s":{"a":0,"k":[100,100,100]}},"ao":0,"w":50,"h":50,"ip":14,"op":28,"st":14,"bm":0,"sr":1}]}
