{"v":"4.6.3","fr":24,"ip":0,"op":28,"w":50,"h":50,"nm":"Comp 1","ddd":0,"assets":[],"layers":[{"ddd":0,"ind":1,"ty":4,"nm":"Clear Filters (1) Outlines 3","ks":{"o":{"a":0,"k":100},"r":{"a":0,"k":0},"p":{"a":0,"k":[25,25,0]},"a":{"a":0,"k":[25,25,0]},"s":{"a":0,"k":[100,100,100]}},"ao":0,"ef":[{"ty":5,"nm":"Change to Color","mn":"ADBE Change To Color","ix":1,"en":1,"ef":[{"ty":2,"nm":"From","mn":"ADBE Change To Color-0001","ix":1,"v":{"a":0,"k":[0,0,0,1]}},{"ty":2,"nm":"To","mn":"ADBE Change To Color-0002","ix":2,"v":{"a":0,"k":[0,0.5450981,0.5411765,1]}},{"ty":7,"nm":"Change","mn":"ADBE Change To Color-0003","ix":3,"v":{"a":0,"k":4}},{"ty":7,"nm":"Change By","mn":"ADBE Change To Color-0004","ix":4,"v":{"a":0,"k":1}},{"ty":6,"nm":"Tolerance","mn":"ADBE Change To Color-0010","ix":5,"v":0},{"ty":0,"nm":"Hue","mn":"ADBE Change To Color-0005","ix":6,"v":{"a":0,"k":0.1}},{"ty":0,"nm":"Lightness","mn":"ADBE Change To Color-0006","ix":7,"v":{"a":0,"k":1}},{"ty":0,"nm":"Saturation","mn":"ADBE Change To Color-0007","ix":8,"v":{"a":0,"k":1}},{"ty":6,"nm":"Saturation","mn":"ADBE Change To Color-0011","ix":9,"v":0},{"ty":0,"nm":"Softness","mn":"ADBE Change To Color-0008","ix":10,"v":{"a":0,"k":0.5}},{"ty":7,"nm":"View Correction Matte","mn":"ADBE Change To Color-0009","ix":11,"v":{"a":0,"k":0}}]}],"shapes":[{"ty":"gr","it":[{"ind":0,"ty":"sh","ix":1,"ks":{"a":0,"k":{"i":[[0,0],[0,0]],"o":[[0,0],[0,0]],"v":[[-8,8],[8,-8]],"c":false}},"nm":"Path 1","mn":"ADBE Vector Shape - Group"},{"ty":"st","c":{"a":0,"k":[0,0,0,1]},"o":{"a":0,"k":100},"w":{"a":0,"k":2},"lc":2,"lj":1,"ml":10,"nm":"Stroke 1","mn":"ADBE Vector Graphic - Stroke"},{"ty":"tr","p":{"a":0,"k":[41,41],"ix":2},"a":{"a":0,"k":[0,0],"ix":1},"s":{"a":0,"k":[100,100],"ix":3},"r":{"a":0,"k":0,"ix":6},"o":{"a":0,"k":100,"ix":7},"sk":{"a":0,"k":0,"ix":4},"sa":{"a":0,"k":0,"ix":5},"nm":"Transform"}],"nm":"Group 2","np":2,"cix":2,"ix":1,"mn":"ADBE Vector Group"},{"ty":"tm","s":{"a":1,"k":[{"i":{"x":[0.667],"y":[1]},"o":{"x":[0.333],"y":[0]},"n":["0p667_1_0p333_0"],"t":7,"s":[100],"e":[0]},{"i":{"x":[0.833],"y":[0.833]},"o":{"x":[0.333],"y":[0.333]},"n":["0p833_0p833_0p333_0p333"],"t":11,"s":[0],"e":[0]},{"i":{"x":[0.833],"y":[1]},"o":{"x":[0.167],"y":[0]},"n":["0p833_1_0p167_0"],"t":17,"s":[0],"e":[11]},{"i":{"x":[0.833],"y":[1]},"o":{"x":[0.167],"y":[0]},"n":["0p833_1_0p167_0"],"t":18,"s":[11],"e":[0]},{"t":19}],"ix":1},"e":{"a":1,"k":[{"i":{"x":[0.833],"y":[0.833]},"o":{"x":[0.167],"y":[0.167]},"n":["0p833_0p833_0p167_0p167"],"t":7,"s":[100],"e":[93]},{"i":{"x":[0.833],"y":[0.833]},"o":{"x":[0.167],"y":[0.167]},"n":["0p833_0p833_0p167_0p167"],"t":9,"s":[93],"e":[100]},{"i":{"x":[0.833],"y":[0.833]},"o":{"x":[0.167],"y":[0.167]},"n":["0p833_0p833_0p167_0p167"],"t":11,"s":[100],"e":[100]},{"i":{"x":[0.833],"y":[0.833]},"o":{"x":[0.167],"y":[0.167]},"n":["0p833_0p833_0p167_0p167"],"t":17,"s":[100],"e":[0]},{"t":20}],"ix":2},"o":{"a":0,"k":0,"ix":3},"m":1,"ix":2,"nm":"Trim Paths 1","mn":"ADBE Vector Filter - Trim"}],"ip":0,"op":28,"st":0,"bm":0,"sr":1},{"ddd":0,"ind":3,"ty":4,"nm":"Clear Filters (1) Outlines 2","ks":{"o":{"a":0,"k":100},"r":{"a":0,"k":0},"p":{"a":0,"k":[25,25,0]},"a":{"a":0,"k":[25,25,0]},"s":{"a":0,"k":[100,100,100]}},"ao":0,"ef":[{"ty":5,"nm":"Change to Color","mn":"ADBE Change To Color","ix":1,"en":1,"ef":[{"ty":2,"nm":"From","mn":"ADBE Change To Color-0001","ix":1,"v":{"a":0,"k":[0,0,0,1]}},{"ty":2,"nm":"To","mn":"ADBE Change To Color-0002","ix":2,"v":{"a":0,"k":[0,0.5450981,0.5411765,1]}},{"ty":7,"nm":"Change","mn":"ADBE Change To Color-0003","ix":3,"v":{"a":0,"k":4}},{"ty":7,"nm":"Change By","mn":"ADBE Change To Color-0004","ix":4,"v":{"a":0,"k":1}},{"ty":6,"nm":"Tolerance","mn":"ADBE Change To Color-0010","ix":5,"v":0},{"ty":0,"nm":"Hue","mn":"ADBE Change To Color-0005","ix":6,"v":{"a":0,"k":0.1}},{"ty":0,"nm":"Lightness","mn":"ADBE Change To Color-0006","ix":7,"v":{"a":0,"k":1}},{"ty":0,"nm":"Saturation","mn":"ADBE Change To Color-0007","ix":8,"v":{"a":0,"k":1}},{"ty":6,"nm":"Saturation","mn":"ADBE Change To Color-0011","ix":9,"v":0},{"ty":0,"nm":"Softness","mn":"ADBE Change To Color-0008","ix":10,"v":{"a":0,"k":0.5}},{"ty":7,"nm":"View Correction Matte","mn":"ADBE Change To Color-0009","ix":11,"v":{"a":0,"k":0}}]}],"shapes":[{"ty":"gr","it":[{"ind":0,"ty":"sh","ix":1,"ks":{"a":1,"k":[{"i":{"x":0.833,"y":0.833},"o":{"x":0.333,"y":0},"n":"0p833_0p833_0p333_0","t":3,"s":[{"i":[[0,0],[0,0]],"o":[[0,0],[0,0]],"v":[[-42,-42],[-41,-41]],"c":false}],"e":[{"i":[[0,0],[0,0]],"o":[[0,0],[0,0]],"v":[[-45.25,-45.25],[8.219,8.219]],"c":true}]},{"i":{"x":0.833,"y":0.833},"o":{"x":0.167,"y":0.167},"n":"0p833_0p833_0p167_0p167","t":6,"s":[{"i":[[0,0],[0,0]],"o":[[0,0],[0,0]],"v":[[-45.25,-45.25],[8.219,8.219]],"c":true}],"e":[{"i":[[0,0],[0,0]],"o":[[0,0],[0,0]],"v":[[-5.275,-5.275],[8,8]],"c":true}]},{"i":{"x":0.833,"y":0.833},"o":{"x":0.167,"y":0.167},"n":"0p833_0p833_0p167_0p167","t":8,"s":[{"i":[[0,0],[0,0]],"o":[[0,0],[0,0]],"v":[[-5.275,-5.275],[8,8]],"c":true}],"e":[{"i":[[0,0],[0,0]],"o":[[0,0],[0,0]],"v":[[-8,-8],[8,8]],"c":false}]},{"i":{"x":0.833,"y":0.833},"o":{"x":0.167,"y":0.167},"n":"0p833_0p833_0p167_0p167","t":10,"s":[{"i":[[0,0],[0,0]],"o":[[0,0],[0,0]],"v":[[-8,-8],[8,8]],"c":false}],"e":[{"i":[[0,0],[0,0]],"o":[[0,0],[0,0]],"v":[[-8,-8],[8,8]],"c":false}]},{"i":{"x":0.833,"y":0.833},"o":{"x":0.167,"y":0.167},"n":"0p833_0p833_0p167_0p167","t":17,"s":[{"i":[[0,0],[0,0]],"o":[[0,0],[0,0]],"v":[[-8,-8],[8,8]],"c":false}],"e":[{"i":[[0,0],[0,0]],"o":[[0,0],[0,0]],"v":[[-10.625,-10.625],[8,8]],"c":false}]},{"i":{"x":0.833,"y":0.833},"o":{"x":0.167,"y":0.167},"n":"0p833_0p833_0p167_0p167","t":19,"s":[{"i":[[0,0],[0,0]],"o":[[0,0],[0,0]],"v":[[-10.625,-10.625],[8,8]],"c":false}],"e":[{"i":[[0,0],[0,0]],"o":[[0,0],[0,0]],"v":[[6.823,6.823],[9.5,9.5]],"c":true}]},{"i":{"x":0.833,"y":0.833},"o":{"x":0.167,"y":0.167},"n":"0p833_0p833_0p167_0p167","t":24,"s":[{"i":[[0,0],[0,0]],"o":[[0,0],[0,0]],"v":[[6.823,6.823],[9.5,9.5]],"c":true}],"e":[{"i":[[0,0],[0,0]],"o":[[0,0],[0,0]],"v":[[10.313,10.313],[10.5,10.5]],"c":false}]},{"t":25}]},"nm":"Path 1","mn":"ADBE Vector Shape - Group"},{"ty":"st","c":{"a":0,"k":[0,0,0,1]},"o":{"a":0,"k":100},"w":{"a":0,"k":2},"lc":2,"lj":1,"ml":10,"nm":"Stroke 1","mn":"ADBE Vector Graphic - Stroke"},{"ty":"tr","p":{"a":0,"k":[41,41],"ix":2},"a":{"a":0,"k":[0,0],"ix":1},"s":{"a":0,"k":[100,100],"ix":3},"r":{"a":0,"k":0,"ix":6},"o":{"a":0,"k":100,"ix":7},"sk":{"a":0,"k":0,"ix":4},"sa":{"a":0,"k":0,"ix":5},"nm":"Transform"}],"nm":"Group 1","np":2,"cix":2,"ix":1,"mn":"ADBE Vector Group"}],"ip":3,"op":25,"st":0,"bm":0,"sr":1},{"ddd":0,"ind":4,"ty":4,"nm":"Clear Filters (1) Outlines 4","td":1,"ks":{"o":{"a":0,"k":100},"r":{"a":0,"k":0},"p":{"a":0,"k":[24.5,27.625,0]},"a":{"a":0,"k":[25,25,0]},"s":{"a":0,"k":[100,100,100]}},"ao":0,"ef":[{"ty":5,"nm":"Change to Color","mn":"ADBE Change To Color","ix":1,"en":1,"ef":[{"ty":2,"nm":"From","mn":"ADBE Change To Color-0001","ix":1,"v":{"a":0,"k":[0,0,0,1]}},{"ty":2,"nm":"To","mn":"ADBE Change To Color-0002","ix":2,"v":{"a":0,"k":[0,0.5450981,0.5411765,1]}},{"ty":7,"nm":"Change","mn":"ADBE Change To Color-0003","ix":3,"v":{"a":0,"k":4}},{"ty":7,"nm":"Change By","mn":"ADBE Change To Color-0004","ix":4,"v":{"a":0,"k":1}},{"ty":6,"nm":"Tolerance","mn":"ADBE Change To Color-0010","ix":5,"v":0},{"ty":0,"nm":"Hue","mn":"ADBE Change To Color-0005","ix":6,"v":{"a":0,"k":0.1}},{"ty":0,"nm":"Lightness","mn":"ADBE Change To Color-0006","ix":7,"v":{"a":0,"k":1}},{"ty":0,"nm":"Saturation","mn":"ADBE Change To Color-0007","ix":8,"v":{"a":0,"k":1}},{"ty":6,"nm":"Saturation","mn":"ADBE Change To Color-0011","ix":9,"v":0},{"ty":0,"nm":"Softness","mn":"ADBE Change To Color-0008","ix":10,"v":{"a":0,"k":0.5}},{"ty":7,"nm":"View Correction Matte","mn":"ADBE Change To Color-0009","ix":11,"v":{"a":0,"k":0}}]}],"shapes":[{"ty":"gr","it":[{"ind":0,"ty":"sh","ix":1,"ks":{"a":1,"k":[{"i":{"x":0.833,"y":0.833},"o":{"x":0.333,"y":0},"n":"0p833_0p833_0p333_0","t":3,"s":[{"i":[[0,0],[0,0]],"o":[[0,0],[0,0]],"v":[[-42,-42],[-41,-41]],"c":false}],"e":[{"i":[[0,0],[0,0]],"o":[[0,0],[0,0]],"v":[[-45.25,-45.25],[8.219,8.219]],"c":true}]},{"i":{"x":0.833,"y":0.833},"o":{"x":0.167,"y":0.167},"n":"0p833_0p833_0p167_0p167","t":6,"s":[{"i":[[0,0],[0,0]],"o":[[0,0],[0,0]],"v":[[-45.25,-45.25],[8.219,8.219]],"c":true}],"e":[{"i":[[0,0],[0,0]],"o":[[0,0],[0,0]],"v":[[-5.275,-5.275],[8,8]],"c":true}]},{"i":{"x":0.833,"y":0.833},"o":{"x":0.167,"y":0.167},"n":"0p833_0p833_0p167_0p167","t":8,"s":[{"i":[[0,0],[0,0]],"o":[[0,0],[0,0]],"v":[[-5.275,-5.275],[8,8]],"c":true}],"e":[{"i":[[0,0],[0,0]],"o":[[0,0],[0,0]],"v":[[-8,-8],[8,8]],"c":false}]},{"i":{"x":0.833,"y":0.833},"o":{"x":0.167,"y":0.167},"n":"0p833_0p833_0p167_0p167","t":10,"s":[{"i":[[0,0],[0,0]],"o":[[0,0],[0,0]],"v":[[-8,-8],[8,8]],"c":false}],"e":[{"i":[[0,0],[0,0]],"o":[[0,0],[0,0]],"v":[[-8,-8],[8,8]],"c":false}]},{"i":{"x":0.833,"y":0.833},"o":{"x":0.167,"y":0.167},"n":"0p833_0p833_0p167_0p167","t":17,"s":[{"i":[[0,0],[0,0]],"o":[[0,0],[0,0]],"v":[[-8,-8],[8,8]],"c":false}],"e":[{"i":[[0,0],[0,0]],"o":[[0,0],[0,0]],"v":[[-10.625,-10.625],[8,8]],"c":false}]},{"i":{"x":0.833,"y":0.833},"o":{"x":0.167,"y":0.167},"n":"0p833_0p833_0p167_0p167","t":19,"s":[{"i":[[0,0],[0,0]],"o":[[0,0],[0,0]],"v":[[-10.625,-10.625],[8,8]],"c":false}],"e":[{"i":[[0,0],[0,0]],"o":[[0,0],[0,0]],"v":[[6.823,6.823],[9.5,9.5]],"c":true}]},{"i":{"x":0.833,"y":0.833},"o":{"x":0.167,"y":0.167},"n":"0p833_0p833_0p167_0p167","t":24,"s":[{"i":[[0,0],[0,0]],"o":[[0,0],[0,0]],"v":[[6.823,6.823],[9.5,9.5]],"c":true}],"e":[{"i":[[0,0],[0,0]],"o":[[0,0],[0,0]],"v":[[10.313,10.313],[10.5,10.5]],"c":false}]},{"t":25}]},"nm":"Path 1","mn":"ADBE Vector Shape - Group"},{"ty":"st","c":{"a":0,"k":[0,0,0,1]},"o":{"a":0,"k":100},"w":{"a":0,"k":4},"lc":2,"lj":1,"ml":10,"nm":"Stroke 1","mn":"ADBE Vector Graphic - Stroke"},{"ty":"tr","p":{"a":0,"k":[41,41],"ix":2},"a":{"a":0,"k":[0,0],"ix":1},"s":{"a":0,"k":[100,100],"ix":3},"r":{"a":0,"k":0,"ix":6},"o":{"a":0,"k":100,"ix":7},"sk":{"a":0,"k":0,"ix":4},"sa":{"a":0,"k":0,"ix":5},"nm":"Transform"}],"nm":"Group 1","np":2,"cix":2,"ix":1,"mn":"ADBE Vector Group"}],"ip":3,"op":18,"st":0,"bm":0,"sr":1},{"ddd":0,"ind":5,"ty":4,"nm":"Clear Filters (1) Outlines","tt":2,"ks":{"o":{"a":0,"k":100},"r":{"a":0,"k":0},"p":{"a":0,"k":[25,25,0]},"a":{"a":0,"k":[25,25,0]},"s":{"a":0,"k":[100,100,100]}},"ao":0,"ef":[{"ty":5,"nm":"Change to Color","mn":"ADBE Change To Color","ix":1,"en":1,"ef":[{"ty":2,"nm":"From","mn":"ADBE Change To Color-0001","ix":1,"v":{"a":0,"k":[0,0,0,1]}},{"ty":2,"nm":"To","mn":"ADBE Change To Color-0002","ix":2,"v":{"a":0,"k":[0,0.5450981,0.5411765,1]}},{"ty":7,"nm":"Change","mn":"ADBE Change To Color-0003","ix":3,"v":{"a":0,"k":4}},{"ty":7,"nm":"Change By","mn":"ADBE Change To Color-0004","ix":4,"v":{"a":0,"k":1}},{"ty":6,"nm":"Tolerance","mn":"ADBE Change To Color-0010","ix":5,"v":0},{"ty":0,"nm":"Hue","mn":"ADBE Change To Color-0005","ix":6,"v":{"a":0,"k":0.1}},{"ty":0,"nm":"Lightness","mn":"ADBE Change To Color-0006","ix":7,"v":{"a":0,"k":1}},{"ty":0,"nm":"Saturation","mn":"ADBE Change To Color-0007","ix":8,"v":{"a":0,"k":1}},{"ty":6,"nm":"Saturation","mn":"ADBE Change To Color-0011","ix":9,"v":0},{"ty":0,"nm":"Softness","mn":"ADBE Change To Color-0008","ix":10,"v":{"a":0,"k":0.5}},{"ty":7,"nm":"View Correction Matte","mn":"ADBE Change To Color-0009","ix":11,"v":{"a":0,"k":0}}]}],"shapes":[{"ty":"gr","it":[{"ind":0,"ty":"sh","ix":1,"ks":{"a":0,"k":{"i":[[0,0],[0,0],[0,0],[0,0],[0,0],[0,0]],"o":[[0,0],[0,0],[0,0],[0,0],[0,0],[0,0]],"v":[[21,-7],[5,10],[-5,10],[-21,-7],[-21,-10],[21,-10]],"c":true}},"nm":"Path 1","mn":"ADBE Vector Shape - Group"},{"ty":"st","c":{"a":0,"k":[0,0,0,1]},"o":{"a":0,"k":100},"w":{"a":0,"k":2},"lc":2,"lj":2,"nm":"Stroke 1","mn":"ADBE Vector Graphic - Stroke"},{"ty":"tr","p":{"a":0,"k":[22,11],"ix":2},"a":{"a":0,"k":[0,0],"ix":1},"s":{"a":0,"k":[100,100],"ix":3},"r":{"a":0,"k":0,"ix":6},"o":{"a":0,"k":100,"ix":7},"sk":{"a":0,"k":0,"ix":4},"sa":{"a":0,"k":0,"ix":5},"nm":"Transform"}],"nm":"Group 3","np":2,"cix":2,"ix":1,"mn":"ADBE Vector Group"},{"ty":"gr","it":[{"ind":0,"ty":"sh","ix":1,"ks":{"a":0,"k":{"i":[[0,0],[0,0],[0,0],[0,0]],"o":[[0,0],[0,0],[0,0],[0,0]],"v":[[5,-12],[5,12],[-5,6],[-5,-12]],"c":false}},"nm":"Path 1","mn":"ADBE Vector Shape - Group"},{"ty":"st","c":{"a":0,"k":[0,0,0,1]},"o":{"a":0,"k":100},"w":{"a":0,"k":2},"lc":2,"lj":2,"nm":"Stroke 1","mn":"ADBE Vector Graphic - Stroke"},{"ty":"tr","p":{"a":0,"k":[22,33],"ix":2},"a":{"a":0,"k":[0,0],"ix":1},"s":{"a":0,"k":[100,100],"ix":3},"r":{"a":0,"k":0,"ix":6},"o":{"a":0,"k":100,"ix":7},"sk":{"a":0,"k":0,"ix":4},"sa":{"a":0,"k":0,"ix":5},"nm":"Transform"}],"nm":"Group 4","np":2,"cix":2,"ix":2,"mn":"ADBE Vector Group"}],"ip":0,"op":28,"st":0,"bm":0,"sr":1}]}
