{"v":"4.6.3","fr":24,"ip":0,"op":27,"w":50,"h":50,"nm":"circle","ddd":0,"assets":[],"layers":[{"ddd":0,"ind":1,"ty":4,"nm":"Forward Arrow Outlines 2","ks":{"o":{"a":0,"k":100},"r":{"a":1,"k":[{"i":{"x":[0.563],"y":[1.346]},"o":{"x":[0.201],"y":[0]},"n":["0p563_1p346_0p201_0"],"t":17,"s":[0],"e":[-20]},{"i":{"x":[0.843],"y":[1]},"o":{"x":[0.341],"y":[0.107]},"n":["0p843_1_0p341_0p107"],"t":18,"s":[-20],"e":[132]},{"t":21}]},"p":{"a":0,"k":[25,25,0]},"a":{"a":0,"k":[25,25,0]},"s":{"a":0,"k":[100,100,100]}},"ao":0,"ef":[{"ty":5,"nm":"Change to Color","mn":"ADBE Change To Color","ix":1,"en":1,"ef":[{"ty":2,"nm":"From","mn":"ADBE Change To Color-0001","ix":1,"v":{"a":0,"k":[0,0,0,1]}},{"ty":2,"nm":"To","mn":"ADBE Change To Color-0002","ix":2,"v":{"a":0,"k":[0,0.5450981,0.5411765,1]}},{"ty":7,"nm":"Change","mn":"ADBE Change To Color-0003","ix":3,"v":{"a":0,"k":4}},{"ty":7,"nm":"Change By","mn":"ADBE Change To Color-0004","ix":4,"v":{"a":0,"k":1}},{"ty":6,"nm":"Tolerance","mn":"ADBE Change To Color-0010","ix":5,"v":0},{"ty":0,"nm":"Hue","mn":"ADBE Change To Color-0005","ix":6,"v":{"a":0,"k":0.1}},{"ty":0,"nm":"Lightness","mn":"ADBE Change To Color-0006","ix":7,"v":{"a":0,"k":1}},{"ty":0,"nm":"Saturation","mn":"ADBE Change To Color-0007","ix":8,"v":{"a":0,"k":1}},{"ty":6,"nm":"Saturation","mn":"ADBE Change To Color-0011","ix":9,"v":0},{"ty":0,"nm":"Softness","mn":"ADBE Change To Color-0008","ix":10,"v":{"a":0,"k":0.5}},{"ty":7,"nm":"View Correction Matte","mn":"ADBE Change To Color-0009","ix":11,"v":{"a":0,"k":0}}]}],"shapes":[{"ty":"gr","it":[{"ind":0,"ty":"sh","ix":1,"ks":{"a":1,"k":[{"i":{"x":0.833,"y":1},"o":{"x":0.167,"y":0},"n":"0p833_1_0p167_0","t":17,"s":[{"i":[[0,0],[0,0],[0,0],[0,0],[0,0],[1.253,-0.098],[1.562,-0.34],[1.469,-0.642],[0.956,-0.653],[0.861,-1.041],[0.425,-0.844],[0,0],[-1.395,4.359],[-1.171,1.93],[-1.823,1.558],[-2.021,0.861],[-2.283,0.318],[-1.531,0],[0,0],[0,0],[0,0]],"o":[[0,0],[0,0],[0,0],[0,0],[-1.415,0],[-1.908,0.151],[-1.947,0.425],[-1.264,0.553],[-1.426,0.973],[-0.769,0.931],[-1.109,2.204],[0,0],[0.59,-1.841],[1.118,-1.843],[1.466,-1.253],[1.785,-0.759],[1.342,-0.188],[0,0],[0,0],[0,0],[0,0]],"v":[[20,-3],[16.645,-0.274],[12.25,3.297],[4,10],[4,2],[0,2.151],[-5.196,2.899],[-10.302,4.522],[-13.622,6.345],[-17.017,9.413],[-18.783,12.108],[-20,16],[-18.561,8.105],[-15.969,2.345],[-11.601,-2.846],[-6.393,-6.063],[-0.307,-7.712],[4,-8],[4,-16],[11.146,-10.194],[16.091,-6.176]],"c":true}],"e":[{"i":[[0,-1.005],[0.364,-1.001],[0.883,-0.927],[1.576,-0.473],[0.938,0],[1.052,0.408],[0.621,0.44],[0.601,0.824],[0.301,0.812],[0,1.147],[-0.088,0.514],[-0.509,0.911],[-0.559,0.58],[-0.948,0.479],[-0.665,0.169],[-0.8,0],[-0.759,-0.199],[-0.723,-0.421],[-0.505,-0.469],[-0.486,-0.881],[-0.185,-0.572]],"o":[[0,1.127],[-0.448,1.227],[-1.107,1.161],[-0.855,0.257],[-1.196,0],[-0.719,-0.28],[-0.833,-0.589],[-0.503,-0.688],[-0.378,-1.017],[0,-0.539],[0.181,-1.066],[0.396,-0.708],[0.73,-0.757],[0.6,-0.302],[0.741,-0.189],[0.821,0],[0.828,0.217],[0.6,0.349],[0.732,0.68],[0.286,0.519],[0.292,0.907]],"v":[[9.375,-3],[8.812,0.209],[6.786,3.469],[2.7,5.98],[0,6.375],[-3.392,5.743],[-5.409,4.658],[-7.576,2.523],[-8.791,0.264],[-9.375,-3],[-9.242,-4.582],[-8.191,-7.564],[-6.752,-9.504],[-4.219,-11.375],[-2.318,-12.086],[0,-12.375],[2.377,-12.071],[4.712,-11.106],[6.374,-9.875],[8.216,-7.519],[8.925,-5.88]],"c":true}]},{"t":21}]},"nm":"Path 1","mn":"ADBE Vector Shape - Group"},{"ty":"st","c":{"a":0,"k":[0,0,0,1]},"o":{"a":0,"k":100},"w":{"a":0,"k":2},"lc":2,"lj":2,"nm":"Stroke 1","mn":"ADBE Vector Graphic - Stroke"},{"ty":"tr","p":{"a":0,"k":[25,28],"ix":2},"a":{"a":0,"k":[0,0],"ix":1},"s":{"a":0,"k":[100,100],"ix":3},"r":{"a":0,"k":0,"ix":6},"o":{"a":0,"k":100,"ix":7},"sk":{"a":0,"k":0,"ix":4},"sa":{"a":0,"k":0,"ix":5},"nm":"Transform"}],"nm":"Group 1","np":2,"cix":2,"ix":1,"mn":"ADBE Vector Group"}],"ip":14,"op":21,"st":3,"bm":0,"sr":1},{"ddd":0,"ind":2,"ty":4,"nm":"Forward Arrow Outlines","ks":{"o":{"a":0,"k":100},"r":{"a":1,"k":[{"i":{"x":[0.667],"y":[1]},"o":{"x":[0.333],"y":[0]},"n":["0p667_1_0p333_0"],"t":2,"s":[-132],"e":[0]},{"t":11}]},"p":{"a":0,"k":[25,25,0]},"a":{"a":0,"k":[25,25,0]},"s":{"a":0,"k":[100,100,100]}},"ao":0,"ef":[{"ty":5,"nm":"Change to Color","mn":"ADBE Change To Color","ix":1,"en":1,"ef":[{"ty":2,"nm":"From","mn":"ADBE Change To Color-0001","ix":1,"v":{"a":0,"k":[0,0,0,1]}},{"ty":2,"nm":"To","mn":"ADBE Change To Color-0002","ix":2,"v":{"a":0,"k":[0,0.5450981,0.5411765,1]}},{"ty":7,"nm":"Change","mn":"ADBE Change To Color-0003","ix":3,"v":{"a":0,"k":4}},{"ty":7,"nm":"Change By","mn":"ADBE Change To Color-0004","ix":4,"v":{"a":0,"k":1}},{"ty":6,"nm":"Tolerance","mn":"ADBE Change To Color-0010","ix":5,"v":0},{"ty":0,"nm":"Hue","mn":"ADBE Change To Color-0005","ix":6,"v":{"a":0,"k":0.1}},{"ty":0,"nm":"Lightness","mn":"ADBE Change To Color-0006","ix":7,"v":{"a":0,"k":1}},{"ty":0,"nm":"Saturation","mn":"ADBE Change To Color-0007","ix":8,"v":{"a":0,"k":1}},{"ty":6,"nm":"Saturation","mn":"ADBE Change To Color-0011","ix":9,"v":0},{"ty":0,"nm":"Softness","mn":"ADBE Change To Color-0008","ix":10,"v":{"a":0,"k":0.5}},{"ty":7,"nm":"View Correction Matte","mn":"ADBE Change To Color-0009","ix":11,"v":{"a":0,"k":0}}]}],"shapes":[{"ty":"gr","it":[{"ind":0,"ty":"sh","ix":1,"ks":{"a":1,"k":[{"i":{"x":0.952,"y":1},"o":{"x":0.993,"y":0},"n":"0p952_1_0p993_0","t":2,"s":[{"i":[[0,-1.005],[0.364,-1.001],[0.883,-0.927],[1.576,-0.473],[0.938,0],[1.052,0.408],[0.621,0.44],[0.601,0.824],[0.301,0.812],[0,1.147],[-0.088,0.514],[-0.509,0.911],[-0.559,0.58],[-0.948,0.479],[-0.665,0.169],[-0.8,0],[-0.759,-0.199],[-0.723,-0.421],[-0.505,-0.469],[-0.486,-0.881],[-0.185,-0.572]],"o":[[0,1.127],[-0.448,1.227],[-1.107,1.161],[-0.855,0.257],[-1.196,0],[-0.719,-0.28],[-0.833,-0.589],[-0.503,-0.688],[-0.378,-1.017],[0,-0.539],[0.181,-1.066],[0.396,-0.708],[0.73,-0.757],[0.6,-0.302],[0.741,-0.189],[0.821,0],[0.828,0.217],[0.6,0.349],[0.732,0.68],[0.286,0.519],[0.292,0.907]],"v":[[9.375,-3],[8.812,0.209],[6.786,3.469],[2.7,5.98],[0,6.375],[-3.392,5.743],[-5.409,4.658],[-7.576,2.523],[-8.791,0.264],[-9.375,-3],[-9.242,-4.582],[-8.191,-7.564],[-6.752,-9.504],[-4.219,-11.375],[-2.318,-12.086],[0,-12.375],[2.377,-12.071],[4.712,-11.106],[6.374,-9.875],[8.216,-7.519],[8.925,-5.88]],"c":true}],"e":[{"i":[[0,0],[0,0],[0,0],[0,0],[0,0],[1.253,-0.098],[1.562,-0.34],[1.469,-0.642],[0.956,-0.653],[0.861,-1.041],[0.425,-0.844],[0,0],[-1.395,4.359],[-1.171,1.93],[-1.823,1.558],[-2.021,0.861],[-2.283,0.318],[-1.531,0],[0,0],[0,0],[0,0]],"o":[[0,0],[0,0],[0,0],[0,0],[-1.415,0],[-1.908,0.151],[-1.947,0.425],[-1.264,0.553],[-1.426,0.973],[-0.769,0.931],[-1.109,2.204],[0,0],[0.59,-1.841],[1.118,-1.843],[1.466,-1.253],[1.785,-0.759],[1.342,-0.188],[0,0],[0,0],[0,0],[0,0]],"v":[[20,-3],[16.645,-0.274],[12.25,3.297],[4,10],[4,2],[0,2.151],[-5.196,2.899],[-10.302,4.522],[-13.622,6.345],[-17.017,9.413],[-18.783,12.108],[-20,16],[-18.561,8.105],[-15.969,2.345],[-11.601,-2.846],[-6.393,-6.063],[-0.307,-7.712],[4,-8],[4,-16],[11.146,-10.194],[16.091,-6.176]],"c":true}]},{"t":11}]},"nm":"Path 1","mn":"ADBE Vector Shape - Group"},{"ty":"st","c":{"a":0,"k":[0,0,0,1]},"o":{"a":0,"k":100},"w":{"a":0,"k":2},"lc":2,"lj":2,"nm":"Stroke 1","mn":"ADBE Vector Graphic - Stroke"},{"ty":"tr","p":{"a":0,"k":[25,28],"ix":2},"a":{"a":0,"k":[0,0],"ix":1},"s":{"a":0,"k":[100,100],"ix":3},"r":{"a":0,"k":0,"ix":6},"o":{"a":0,"k":100,"ix":7},"sk":{"a":0,"k":0,"ix":4},"sa":{"a":0,"k":0,"ix":5},"nm":"Transform"}],"nm":"Group 1","np":2,"cix":2,"ix":1,"mn":"ADBE Vector Group"}],"ip":8,"op":14,"st":0,"bm":0,"sr":1},{"ddd":0,"ind":3,"ty":4,"nm":"Facebook Outlines 2","ks":{"o":{"a":0,"k":100},"r":{"a":1,"k":[{"i":{"x":[0.667],"y":[1]},"o":{"x":[0.333],"y":[0]},"n":["0p667_1_0p333_0"],"t":3,"s":[0],"e":[-17]},{"i":{"x":[0.667],"y":[1]},"o":{"x":[0.333],"y":[0]},"n":["0p667_1_0p333_0"],"t":5,"s":[-17],"e":[133]},{"t":8}]},"p":{"a":0,"k":[25,25,0]},"a":{"a":0,"k":[25,25,0]},"s":{"a":0,"k":[100,100,100]}},"ao":0,"ef":[{"ty":5,"nm":"Change to Color","mn":"ADBE Change To Color","ix":1,"en":1,"ef":[{"ty":2,"nm":"From","mn":"ADBE Change To Color-0001","ix":1,"v":{"a":0,"k":[0,0,0,1]}},{"ty":2,"nm":"To","mn":"ADBE Change To Color-0002","ix":2,"v":{"a":0,"k":[0,0.5450981,0.5411765,1]}},{"ty":7,"nm":"Change","mn":"ADBE Change To Color-0003","ix":3,"v":{"a":0,"k":4}},{"ty":7,"nm":"Change By","mn":"ADBE Change To Color-0004","ix":4,"v":{"a":0,"k":1}},{"ty":6,"nm":"Tolerance","mn":"ADBE Change To Color-0010","ix":5,"v":0},{"ty":0,"nm":"Hue","mn":"ADBE Change To Color-0005","ix":6,"v":{"a":0,"k":0.1}},{"ty":0,"nm":"Lightness","mn":"ADBE Change To Color-0006","ix":7,"v":{"a":0,"k":1}},{"ty":0,"nm":"Saturation","mn":"ADBE Change To Color-0007","ix":8,"v":{"a":0,"k":1}},{"ty":6,"nm":"Saturation","mn":"ADBE Change To Color-0011","ix":9,"v":0},{"ty":0,"nm":"Softness","mn":"ADBE Change To Color-0008","ix":10,"v":{"a":0,"k":0.5}},{"ty":7,"nm":"View Correction Matte","mn":"ADBE Change To Color-0009","ix":11,"v":{"a":0,"k":0}}]}],"shapes":[{"ty":"gr","it":[{"ind":0,"ty":"sh","ix":1,"ks":{"a":0,"k":{"i":[[0,0],[0,0],[0,0],[0,0],[0,0],[0,0],[-5.419,0],[0,0],[0,0],[0,0],[0,-1.496],[0,0],[0,0],[0,0],[0,0],[0,0]],"o":[[0,0],[0,0],[0,0],[0,0],[0,0],[0,-4.677],[2.903,0],[0,0],[0,0],[-2.145,0],[0,0],[0,0],[0,0],[0,0],[0,0],[0,0]],"v":[[-5,18],[-5,-1],[-8,-1],[-8,-7],[-5,-7],[-5,-10],[2,-18],[8,-17],[8,-12],[5,-12],[2,-10],[2,-7],[8,-7],[7,-1],[2,-1],[2,18]],"c":false}},"nm":"Path 1","mn":"ADBE Vector Shape - Group"},{"ty":"st","c":{"a":0,"k":[0,0,0,1]},"o":{"a":0,"k":100},"w":{"a":0,"k":2},"lc":2,"lj":1,"ml":10,"nm":"Stroke 1","mn":"ADBE Vector Graphic - Stroke"},{"ty":"tr","p":{"a":0,"k":[30,29],"ix":2},"a":{"a":0,"k":[0,0],"ix":1},"s":{"a":1,"k":[{"i":{"x":[0.667,0.667],"y":[1,1]},"o":{"x":[0.333,0.333],"y":[0,0]},"n":["0p667_1_0p333_0","0p667_1_0p333_0"],"t":4,"s":[100,100],"e":[64,64]},{"i":{"x":[0.667,0.667],"y":[1,1]},"o":{"x":[0.333,0.333],"y":[0,0]},"n":["0p667_1_0p333_0","0p667_1_0p333_0"],"t":6,"s":[64,64],"e":[0,0]},{"t":7}],"ix":3},"r":{"a":0,"k":0,"ix":6},"o":{"a":0,"k":100,"ix":7},"sk":{"a":0,"k":0,"ix":4},"sa":{"a":0,"k":0,"ix":5},"nm":"Transform"}],"nm":"Group 1","np":2,"cix":2,"ix":1,"mn":"ADBE Vector Group"},{"ty":"gr","it":[{"ind":0,"ty":"sh","ix":1,"ks":{"a":1,"k":[{"i":{"x":0.667,"y":1},"o":{"x":0.333,"y":0},"n":"0p667_1_0p333_0","t":4,"s":[{"i":[[2.279,0],[0,0],[0,0],[0,0],[0,0],[0.987,-0.417],[0.746,-0.746],[0.417,-0.987],[0,-1.14],[0,0],[0,0],[0,0],[-1.493,-1.493],[-2.279,0],[0,0],[0,0],[-1.493,1.493],[0,2.279],[0,0],[0,0],[1.493,1.493]],"o":[[0,0],[0,0],[0,0],[0,0],[-1.14,0],[-0.987,0.417],[-0.746,0.746],[-0.417,0.987],[0,0],[0,0],[0,0],[0,2.279],[1.493,1.493],[0,0],[0,0],[2.279,0],[1.493,-1.493],[0,0],[0,0],[0,-2.279],[-1.493,-1.493]],"v":[[13.75,-22],[9.453,-22],[3.438,-22],[-5.156,-22],[-13.75,-22],[-16.962,-21.352],[-19.584,-19.584],[-21.352,-16.962],[-22,-13.75],[-22,-6.62],[-22,3.565],[-22,13.75],[-19.584,19.584],[-13.75,22],[0,22],[13.75,22],[19.584,19.584],[22,13.75],[22,0],[22,-13.75],[19.584,-19.584]],"c":true}],"e":[{"i":[[0,1.005],[0.364,1.001],[0.883,0.927],[1.576,0.473],[0.938,0],[1.052,-0.408],[0.621,-0.44],[0.601,-0.824],[0.301,-0.812],[0,-1.148],[-0.088,-0.514],[-0.509,-0.911],[-0.559,-0.58],[-0.948,-0.479],[-0.665,-0.169],[-0.8,0],[-0.759,0.199],[-0.723,0.421],[-0.505,0.469],[-0.486,0.881],[-0.185,0.572]],"o":[[0,-1.127],[-0.448,-1.227],[-1.107,-1.161],[-0.855,-0.257],[-1.196,0],[-0.719,0.28],[-0.833,0.589],[-0.503,0.688],[-0.378,1.016],[0,0.539],[0.181,1.066],[0.396,0.708],[0.73,0.758],[0.6,0.302],[0.741,0.188],[0.821,0],[0.828,-0.217],[0.6,-0.349],[0.732,-0.68],[0.286,-0.519],[0.292,-0.907]],"v":[[9.375,0],[8.812,-3.209],[6.786,-6.469],[2.7,-8.98],[0,-9.375],[-3.392,-8.743],[-5.409,-7.658],[-7.576,-5.523],[-8.791,-3.264],[-9.375,0],[-9.242,1.582],[-8.191,4.564],[-6.752,6.504],[-4.219,8.375],[-2.318,9.086],[0,9.375],[2.377,9.071],[4.712,8.106],[6.374,6.875],[8.216,4.519],[8.925,2.88]],"c":true}]},{"t":8}]},"nm":"Path 1","mn":"ADBE Vector Shape - Group"},{"ty":"st","c":{"a":0,"k":[0,0,0,1]},"o":{"a":0,"k":100},"w":{"a":0,"k":2},"lc":2,"lj":1,"ml":10,"nm":"Stroke 1","mn":"ADBE Vector Graphic - Stroke"},{"ty":"tr","p":{"a":0,"k":[25,25],"ix":2},"a":{"a":0,"k":[0,0],"ix":1},"s":{"a":0,"k":[100,100],"ix":3},"r":{"a":0,"k":0,"ix":6},"o":{"a":0,"k":100,"ix":7},"sk":{"a":0,"k":0,"ix":4},"sa":{"a":0,"k":0,"ix":5},"nm":"Transform"}],"nm":"Group 2","np":2,"cix":2,"ix":2,"mn":"ADBE Vector Group"}],"ip":0,"op":8,"st":0,"bm":0,"sr":1},{"ddd":0,"ind":4,"ty":4,"nm":"Facebook Outlines","ks":{"o":{"a":0,"k":100},"r":{"a":1,"k":[{"i":{"x":[0.667],"y":[1]},"o":{"x":[0.167],"y":[0]},"n":["0p667_1_0p167_0"],"t":20,"s":[133],"e":[-17]},{"i":{"x":[0.667],"y":[1]},"o":{"x":[0.167],"y":[0]},"n":["0p667_1_0p167_0"],"t":23,"s":[-17],"e":[0]},{"t":25}]},"p":{"a":0,"k":[25,25,0]},"a":{"a":0,"k":[25,25,0]},"s":{"a":0,"k":[100,100,100]}},"ao":0,"ef":[{"ty":5,"nm":"Change to Color","mn":"ADBE Change To Color","ix":1,"en":1,"ef":[{"ty":2,"nm":"From","mn":"ADBE Change To Color-0001","ix":1,"v":{"a":0,"k":[0,0,0,1]}},{"ty":2,"nm":"To","mn":"ADBE Change To Color-0002","ix":2,"v":{"a":0,"k":[0,0.5450981,0.5411765,1]}},{"ty":7,"nm":"Change","mn":"ADBE Change To Color-0003","ix":3,"v":{"a":0,"k":4}},{"ty":7,"nm":"Change By","mn":"ADBE Change To Color-0004","ix":4,"v":{"a":0,"k":1}},{"ty":6,"nm":"Tolerance","mn":"ADBE Change To Color-0010","ix":5,"v":0},{"ty":0,"nm":"Hue","mn":"ADBE Change To Color-0005","ix":6,"v":{"a":0,"k":0.1}},{"ty":0,"nm":"Lightness","mn":"ADBE Change To Color-0006","ix":7,"v":{"a":0,"k":1}},{"ty":0,"nm":"Saturation","mn":"ADBE Change To Color-0007","ix":8,"v":{"a":0,"k":1}},{"ty":6,"nm":"Saturation","mn":"ADBE Change To Color-0011","ix":9,"v":0},{"ty":0,"nm":"Softness","mn":"ADBE Change To Color-0008","ix":10,"v":{"a":0,"k":0.5}},{"ty":7,"nm":"View Correction Matte","mn":"ADBE Change To Color-0009","ix":11,"v":{"a":0,"k":0}}]}],"shapes":[{"ty":"gr","it":[{"ind":0,"ty":"sh","ix":1,"ks":{"a":0,"k":{"i":[[0,0],[0,0],[0,0],[0,0],[0,0],[0,0],[-5.419,0],[0,0],[0,0],[0,0],[0,-1.496],[0,0],[0,0],[0,0],[0,0],[0,0]],"o":[[0,0],[0,0],[0,0],[0,0],[0,0],[0,-4.677],[2.903,0],[0,0],[0,0],[-2.145,0],[0,0],[0,0],[0,0],[0,0],[0,0],[0,0]],"v":[[-5,18],[-5,-1],[-8,-1],[-8,-7],[-5,-7],[-5,-10],[2,-18],[8,-17],[8,-12],[5,-12],[2,-10],[2,-7],[8,-7],[7,-1],[2,-1],[2,18]],"c":false}},"nm":"Path 1","mn":"ADBE Vector Shape - Group"},{"ty":"st","c":{"a":0,"k":[0,0,0,1]},"o":{"a":0,"k":100},"w":{"a":0,"k":2},"lc":2,"lj":1,"ml":10,"nm":"Stroke 1","mn":"ADBE Vector Graphic - Stroke"},{"ty":"tr","p":{"a":0,"k":[30,29],"ix":2},"a":{"a":0,"k":[0,0],"ix":1},"s":{"a":1,"k":[{"i":{"x":[0.667,0.667],"y":[1,1]},"o":{"x":[0.167,0.167],"y":[0,0]},"n":["0p667_1_0p167_0","0p667_1_0p167_0"],"t":21,"s":[0,0],"e":[64,64]},{"i":{"x":[0.667,0.667],"y":[1,1]},"o":{"x":[0.167,0.167],"y":[0,0]},"n":["0p667_1_0p167_0","0p667_1_0p167_0"],"t":22,"s":[64,64],"e":[100,100]},{"t":24}],"ix":3},"r":{"a":0,"k":0,"ix":6},"o":{"a":0,"k":100,"ix":7},"sk":{"a":0,"k":0,"ix":4},"sa":{"a":0,"k":0,"ix":5},"nm":"Transform"}],"nm":"Group 1","np":2,"cix":2,"ix":1,"mn":"ADBE Vector Group"},{"ty":"gr","it":[{"ind":0,"ty":"sh","ix":1,"ks":{"a":1,"k":[{"i":{"x":0.667,"y":1},"o":{"x":0.167,"y":0},"n":"0p667_1_0p167_0","t":20,"s":[{"i":[[0,1.005],[0.364,1.001],[0.883,0.927],[1.576,0.473],[0.938,0],[1.052,-0.408],[0.621,-0.44],[0.601,-0.824],[0.301,-0.812],[0,-1.148],[-0.088,-0.514],[-0.509,-0.911],[-0.559,-0.58],[-0.948,-0.479],[-0.665,-0.169],[-0.8,0],[-0.759,0.199],[-0.723,0.421],[-0.505,0.469],[-0.486,0.881],[-0.185,0.572]],"o":[[0,-1.127],[-0.448,-1.227],[-1.107,-1.161],[-0.855,-0.257],[-1.196,0],[-0.719,0.28],[-0.833,0.589],[-0.503,0.688],[-0.378,1.016],[0,0.539],[0.181,1.066],[0.396,0.708],[0.73,0.758],[0.6,0.302],[0.741,0.188],[0.821,0],[0.828,-0.217],[0.6,-0.349],[0.732,-0.68],[0.286,-0.519],[0.292,-0.907]],"v":[[9.375,0],[8.812,-3.209],[6.786,-6.469],[2.7,-8.98],[0,-9.375],[-3.392,-8.743],[-5.409,-7.658],[-7.576,-5.523],[-8.791,-3.264],[-9.375,0],[-9.242,1.582],[-8.191,4.564],[-6.752,6.504],[-4.219,8.375],[-2.318,9.086],[0,9.375],[2.377,9.071],[4.712,8.106],[6.374,6.875],[8.216,4.519],[8.925,2.88]],"c":true}],"e":[{"i":[[2.279,0],[0,0],[0,0],[0,0],[0,0],[0.987,-0.417],[0.746,-0.746],[0.417,-0.987],[0,-1.14],[0,0],[0,0],[0,0],[-1.493,-1.493],[-2.279,0],[0,0],[0,0],[-1.493,1.493],[0,2.279],[0,0],[0,0],[1.493,1.493]],"o":[[0,0],[0,0],[0,0],[0,0],[-1.14,0],[-0.987,0.417],[-0.746,0.746],[-0.417,0.987],[0,0],[0,0],[0,0],[0,2.279],[1.493,1.493],[0,0],[0,0],[2.279,0],[1.493,-1.493],[0,0],[0,0],[0,-2.279],[-1.493,-1.493]],"v":[[13.75,-22],[9.453,-22],[3.438,-22],[-5.156,-22],[-13.75,-22],[-16.962,-21.352],[-19.584,-19.584],[-21.352,-16.962],[-22,-13.75],[-22,-6.62],[-22,3.565],[-22,13.75],[-19.584,19.584],[-13.75,22],[0,22],[13.75,22],[19.584,19.584],[22,13.75],[22,0],[22,-13.75],[19.584,-19.584]],"c":true}]},{"t":24}]},"nm":"Path 1","mn":"ADBE Vector Shape - Group"},{"ty":"st","c":{"a":0,"k":[0,0,0,1]},"o":{"a":0,"k":100},"w":{"a":0,"k":2},"lc":2,"lj":1,"ml":10,"nm":"Stroke 1","mn":"ADBE Vector Graphic - Stroke"},{"ty":"tr","p":{"a":0,"k":[25,25],"ix":2},"a":{"a":0,"k":[0,0],"ix":1},"s":{"a":0,"k":[100,100],"ix":3},"r":{"a":0,"k":0,"ix":6},"o":{"a":0,"k":100,"ix":7},"sk":{"a":0,"k":0,"ix":4},"sa":{"a":0,"k":0,"ix":5},"nm":"Transform"}],"nm":"Group 2","np":2,"cix":2,"ix":2,"mn":"ADBE Vector Group"}],"ip":21,"op":27,"st":19,"bm":0,"sr":1}]}