{"v":"4.6.3","fr":24,"ip":0,"op":28,"w":50,"h":50,"nm":"Mute (1)","ddd":0,"assets":[],"layers":[{"ddd":0,"ind":1,"ty":4,"nm":"Sound 2","ks":{"o":{"a":0,"k":100},"r":{"a":0,"k":0},"p":{"a":0,"k":[27.875,25,0]},"a":{"a":0,"k":[25,25,0]},"s":{"a":0,"k":[100,100,100]}},"ao":0,"ef":[{"ty":5,"nm":"Change to Color","mn":"ADBE Change To Color","ix":1,"en":1,"ef":[{"ty":2,"nm":"From","mn":"ADBE Change To Color-0001","ix":1,"v":{"a":0,"k":[0,0,0,1]}},{"ty":2,"nm":"To","mn":"ADBE Change To Color-0002","ix":2,"v":{"a":0,"k":[0,0.5450981,0.5411765,1]}},{"ty":7,"nm":"Change","mn":"ADBE Change To Color-0003","ix":3,"v":{"a":0,"k":4}},{"ty":7,"nm":"Change By","mn":"ADBE Change To Color-0004","ix":4,"v":{"a":0,"k":1}},{"ty":6,"nm":"Tolerance","mn":"ADBE Change To Color-0010","ix":5,"v":0},{"ty":0,"nm":"Hue","mn":"ADBE Change To Color-0005","ix":6,"v":{"a":0,"k":0.1}},{"ty":0,"nm":"Lightness","mn":"ADBE Change To Color-0006","ix":7,"v":{"a":0,"k":1}},{"ty":0,"nm":"Saturation","mn":"ADBE Change To Color-0007","ix":8,"v":{"a":0,"k":1}},{"ty":6,"nm":"Saturation","mn":"ADBE Change To Color-0011","ix":9,"v":0},{"ty":0,"nm":"Softness","mn":"ADBE Change To Color-0008","ix":10,"v":{"a":0,"k":0.5}},{"ty":7,"nm":"View Correction Matte","mn":"ADBE Change To Color-0009","ix":11,"v":{"a":0,"k":0}}]}],"shapes":[{"ty":"gr","it":[{"ind":0,"ty":"sh","ix":1,"ks":{"a":1,"k":[{"i":{"x":0.667,"y":1},"o":{"x":0.167,"y":0},"n":"0p667_1_0p167_0","t":21,"s":[{"i":[[0,0],[0,-2.68],[0.155,-1.771]],"o":[[0.187,2.02],[0,2.68],[0,0]],"v":[[-2.156,-5.583],[-2.017,-0.106],[-2.156,5.583]],"c":false}],"e":[{"i":[[0,0],[0,-2.68],[2.479,-0.648]],"o":[[2.479,0.647],[0,2.68],[0,0]],"v":[[-2.156,-5.583],[3.156,-0.001],[-2.156,5.583]],"c":false}]},{"i":{"x":0.667,"y":1},"o":{"x":0.167,"y":0},"n":"0p667_1_0p167_0","t":22,"s":[{"i":[[0,0],[0,-2.68],[2.479,-0.648]],"o":[[2.479,0.647],[0,2.68],[0,0]],"v":[[-2.156,-5.583],[3.156,-0.001],[-2.156,5.583]],"c":false}],"e":[{"i":[[0,0],[0,-2.68],[2.479,-0.648]],"o":[[2.479,0.647],[0,2.68],[0,0]],"v":[[-2.156,-5.583],[2.156,-0.001],[-2.156,5.583]],"c":false}]},{"t":25}]},"nm":"Path 1","mn":"ADBE Vector Shape - Group"},{"ty":"st","c":{"a":0,"k":[0,0,0,1]},"o":{"a":0,"k":100},"w":{"a":0,"k":2},"lc":2,"lj":2,"nm":"Stroke 1","mn":"ADBE Vector Graphic - Stroke"},{"ty":"tr","p":{"a":1,"k":[{"i":{"x":0.667,"y":1},"o":{"x":0.167,"y":0},"n":"0p667_1_0p167_0","t":21,"s":[27.594,25],"e":[34.094,25],"to":[1.08333337306976,0],"ti":[-0.875,0]},{"i":{"x":0.667,"y":1},"o":{"x":0.167,"y":0},"n":"0p667_1_0p167_0","t":22,"s":[34.094,25],"e":[32.844,25],"to":[0.875,0],"ti":[0.20833332836628,0]},{"t":25}],"ix":2},"a":{"a":0,"k":[0,0],"ix":1},"s":{"a":0,"k":[100,100],"ix":3},"r":{"a":0,"k":0,"ix":6},"o":{"a":0,"k":100,"ix":7},"sk":{"a":0,"k":0,"ix":4},"sa":{"a":0,"k":0,"ix":5},"nm":"Transform"}],"nm":"Group 1","np":2,"cix":2,"ix":1,"mn":"ADBE Vector Group"}],"ip":21,"op":28,"st":20,"bm":0,"sr":1},{"ddd":0,"ind":2,"ty":4,"nm":"Sound","ks":{"o":{"a":0,"k":100},"r":{"a":0,"k":0},"p":{"a":0,"k":[26.75,25,0]},"a":{"a":0,"k":[25,25,0]},"s":{"a":0,"k":[100,100,100]}},"ao":0,"ef":[{"ty":5,"nm":"Change to Color","mn":"ADBE Change To Color","ix":1,"en":1,"ef":[{"ty":2,"nm":"From","mn":"ADBE Change To Color-0001","ix":1,"v":{"a":0,"k":[0,0,0,1]}},{"ty":2,"nm":"To","mn":"ADBE Change To Color-0002","ix":2,"v":{"a":0,"k":[0,0.5450981,0.5411765,1]}},{"ty":7,"nm":"Change","mn":"ADBE Change To Color-0003","ix":3,"v":{"a":0,"k":4}},{"ty":7,"nm":"Change By","mn":"ADBE Change To Color-0004","ix":4,"v":{"a":0,"k":1}},{"ty":6,"nm":"Tolerance","mn":"ADBE Change To Color-0010","ix":5,"v":0},{"ty":0,"nm":"Hue","mn":"ADBE Change To Color-0005","ix":6,"v":{"a":0,"k":0.1}},{"ty":0,"nm":"Lightness","mn":"ADBE Change To Color-0006","ix":7,"v":{"a":0,"k":1}},{"ty":0,"nm":"Saturation","mn":"ADBE Change To Color-0007","ix":8,"v":{"a":0,"k":1}},{"ty":6,"nm":"Saturation","mn":"ADBE Change To Color-0011","ix":9,"v":0},{"ty":0,"nm":"Softness","mn":"ADBE Change To Color-0008","ix":10,"v":{"a":0,"k":0.5}},{"ty":7,"nm":"View Correction Matte","mn":"ADBE Change To Color-0009","ix":11,"v":{"a":0,"k":0}}]}],"shapes":[{"ty":"gr","it":[{"ind":0,"ty":"sh","ix":1,"ks":{"a":1,"k":[{"i":{"x":0.667,"y":1},"o":{"x":0.333,"y":0},"n":"0p667_1_0p333_0","t":3,"s":[{"i":[[0,0],[0,-2.68],[2.479,-0.648]],"o":[[2.479,0.647],[0,2.68],[0,0]],"v":[[-2.156,-5.583],[2.156,-0.001],[-2.156,5.583]],"c":false}],"e":[{"i":[[0,0],[0,-2.68],[2.479,-0.648]],"o":[[2.479,0.647],[0,2.68],[0,0]],"v":[[-2.156,-5.583],[3.156,-0.001],[-2.156,5.583]],"c":false}]},{"i":{"x":0.667,"y":1},"o":{"x":0.333,"y":0},"n":"0p667_1_0p333_0","t":6,"s":[{"i":[[0,0],[0,-2.68],[2.479,-0.648]],"o":[[2.479,0.647],[0,2.68],[0,0]],"v":[[-2.156,-5.583],[3.156,-0.001],[-2.156,5.583]],"c":false}],"e":[{"i":[[0,0],[0,-2.68],[-0.407,-2.053]],"o":[[-0.376,1.708],[0,2.68],[0,0]],"v":[[-2.156,-5.583],[-2.736,-0.113],[-2.156,5.583]],"c":false}]},{"t":8}]},"nm":"Path 1","mn":"ADBE Vector Shape - Group"},{"ty":"st","c":{"a":0,"k":[0,0,0,1]},"o":{"a":0,"k":100},"w":{"a":0,"k":2},"lc":2,"lj":2,"nm":"Stroke 1","mn":"ADBE Vector Graphic - Stroke"},{"ty":"tr","p":{"a":1,"k":[{"i":{"x":0.667,"y":1},"o":{"x":0.333,"y":0},"n":"0p667_1_0p333_0","t":3,"s":[32.844,25],"e":[34.094,25],"to":[0.20833332836628,0],"ti":[0.875,0]},{"i":{"x":0.667,"y":1},"o":{"x":0.333,"y":0},"n":"0p667_1_0p333_0","t":6,"s":[34.094,25],"e":[27.594,25],"to":[-0.875,0],"ti":[1.08333337306976,0]},{"t":8}],"ix":2},"a":{"a":0,"k":[0,0],"ix":1},"s":{"a":0,"k":[100,100],"ix":3},"r":{"a":0,"k":0,"ix":6},"o":{"a":0,"k":100,"ix":7},"sk":{"a":0,"k":0,"ix":4},"sa":{"a":0,"k":0,"ix":5},"nm":"Transform"}],"nm":"Group 1","np":2,"cix":2,"ix":1,"mn":"ADBE Vector Group"}],"ip":0,"op":8,"st":0,"bm":0,"sr":1},{"ddd":0,"ind":3,"ty":4,"nm":"Cross 2","ks":{"o":{"a":0,"k":100},"r":{"a":0,"k":0},"p":{"a":1,"k":[{"i":{"x":0.833,"y":1},"o":{"x":0.333,"y":0},"n":"0p833_1_0p333_0","t":17,"s":[25,25,0],"e":[25.875,25,0],"to":[0.14583332836628,0,0],"ti":[1.34375,0,0]},{"i":{"x":0.833,"y":1},"o":{"x":0.333,"y":0},"n":"0p833_1_0p333_0","t":18,"s":[25.875,25,0],"e":[16.938,25,0],"to":[-1.34375,0,0],"ti":[1.48958337306976,0,0]},{"t":20}]},"a":{"a":0,"k":[25,25,0]},"s":{"a":0,"k":[100,100,100]}},"ao":0,"ef":[{"ty":5,"nm":"Change to Color","mn":"ADBE Change To Color","ix":1,"en":1,"ef":[{"ty":2,"nm":"From","mn":"ADBE Change To Color-0001","ix":1,"v":{"a":0,"k":[0,0,0,1]}},{"ty":2,"nm":"To","mn":"ADBE Change To Color-0002","ix":2,"v":{"a":0,"k":[0,0.5450981,0.5411765,1]}},{"ty":7,"nm":"Change","mn":"ADBE Change To Color-0003","ix":3,"v":{"a":0,"k":4}},{"ty":7,"nm":"Change By","mn":"ADBE Change To Color-0004","ix":4,"v":{"a":0,"k":1}},{"ty":6,"nm":"Tolerance","mn":"ADBE Change To Color-0010","ix":5,"v":0},{"ty":0,"nm":"Hue","mn":"ADBE Change To Color-0005","ix":6,"v":{"a":0,"k":0.1}},{"ty":0,"nm":"Lightness","mn":"ADBE Change To Color-0006","ix":7,"v":{"a":0,"k":1}},{"ty":0,"nm":"Saturation","mn":"ADBE Change To Color-0007","ix":8,"v":{"a":0,"k":1}},{"ty":6,"nm":"Saturation","mn":"ADBE Change To Color-0011","ix":9,"v":0},{"ty":0,"nm":"Softness","mn":"ADBE Change To Color-0008","ix":10,"v":{"a":0,"k":0.5}},{"ty":7,"nm":"View Correction Matte","mn":"ADBE Change To Color-0009","ix":11,"v":{"a":0,"k":0}}]}],"shapes":[{"ty":"gr","it":[{"ind":0,"ty":"sh","ix":1,"ks":{"a":0,"k":{"i":[[0,0],[0,0]],"o":[[0,0],[0,0]],"v":[[5,-5],[-5,5]],"c":false}},"nm":"Path 1","mn":"ADBE Vector Shape - Group"},{"ty":"st","c":{"a":0,"k":[0,0,0,1]},"o":{"a":0,"k":100},"w":{"a":0,"k":2},"lc":2,"lj":1,"ml":10,"nm":"Stroke 1","mn":"ADBE Vector Graphic - Stroke"},{"ty":"tr","p":{"a":0,"k":[37,25],"ix":2},"a":{"a":0,"k":[0,0],"ix":1},"s":{"a":0,"k":[100,100],"ix":3},"r":{"a":1,"k":[{"i":{"x":[0.833],"y":[0.833]},"o":{"x":[0.333],"y":[0.333]},"n":["0p833_0p833_0p333_0p333"],"t":17,"s":[0],"e":[0]},{"i":{"x":[0.833],"y":[1]},"o":{"x":[0.333],"y":[0]},"n":["0p833_1_0p333_0"],"t":18,"s":[0],"e":[-45]},{"t":20}],"ix":6},"o":{"a":0,"k":100,"ix":7},"sk":{"a":0,"k":0,"ix":4},"sa":{"a":0,"k":0,"ix":5},"nm":"Transform"}],"nm":"Group 4","np":2,"cix":2,"ix":1,"mn":"ADBE Vector Group"},{"ty":"gr","it":[{"ind":0,"ty":"sh","ix":1,"ks":{"a":0,"k":{"i":[[0,0],[0,0]],"o":[[0,0],[0,0]],"v":[[-5,-5],[5,5]],"c":false}},"nm":"Path 1","mn":"ADBE Vector Shape - Group"},{"ty":"st","c":{"a":0,"k":[0,0,0,1]},"o":{"a":0,"k":100},"w":{"a":0,"k":2},"lc":2,"lj":1,"ml":10,"nm":"Stroke 1","mn":"ADBE Vector Graphic - Stroke"},{"ty":"tr","p":{"a":0,"k":[37,25],"ix":2},"a":{"a":0,"k":[0,0],"ix":1},"s":{"a":0,"k":[100,100],"ix":3},"r":{"a":1,"k":[{"i":{"x":[0.833],"y":[0.833]},"o":{"x":[0.333],"y":[0.333]},"n":["0p833_0p833_0p333_0p333"],"t":17,"s":[0],"e":[0]},{"i":{"x":[0.833],"y":[1]},"o":{"x":[0.333],"y":[0]},"n":["0p833_1_0p333_0"],"t":18,"s":[0],"e":[45]},{"t":20}],"ix":6},"o":{"a":0,"k":100,"ix":7},"sk":{"a":0,"k":0,"ix":4},"sa":{"a":0,"k":0,"ix":5},"nm":"Transform"}],"nm":"Group 5","np":2,"cix":2,"ix":2,"mn":"ADBE Vector Group"}],"ip":16,"op":20,"st":1,"bm":0,"sr":1},{"ddd":0,"ind":4,"ty":4,"nm":"Cross","ks":{"o":{"a":0,"k":100},"r":{"a":0,"k":0},"p":{"a":1,"k":[{"i":{"x":0.667,"y":1},"o":{"x":0.333,"y":0},"n":"0p667_1_0p333_0","t":8,"s":[16.938,25,0],"e":[25.875,25,0],"to":[1.48958337306976,0,0],"ti":[-1.34375,0,0]},{"i":{"x":0.667,"y":1},"o":{"x":0.333,"y":0},"n":"0p667_1_0p333_0","t":10,"s":[25.875,25,0],"e":[25,25,0],"to":[1.34375,0,0],"ti":[0.14583332836628,0,0]},{"t":11}]},"a":{"a":0,"k":[25,25,0]},"s":{"a":0,"k":[100,100,100]}},"ao":0,"ef":[{"ty":5,"nm":"Change to Color","mn":"ADBE Change To Color","ix":1,"en":1,"ef":[{"ty":2,"nm":"From","mn":"ADBE Change To Color-0001","ix":1,"v":{"a":0,"k":[0,0,0,1]}},{"ty":2,"nm":"To","mn":"ADBE Change To Color-0002","ix":2,"v":{"a":0,"k":[0,0.5450981,0.5411765,1]}},{"ty":7,"nm":"Change","mn":"ADBE Change To Color-0003","ix":3,"v":{"a":0,"k":4}},{"ty":7,"nm":"Change By","mn":"ADBE Change To Color-0004","ix":4,"v":{"a":0,"k":1}},{"ty":6,"nm":"Tolerance","mn":"ADBE Change To Color-0010","ix":5,"v":0},{"ty":0,"nm":"Hue","mn":"ADBE Change To Color-0005","ix":6,"v":{"a":0,"k":0.1}},{"ty":0,"nm":"Lightness","mn":"ADBE Change To Color-0006","ix":7,"v":{"a":0,"k":1}},{"ty":0,"nm":"Saturation","mn":"ADBE Change To Color-0007","ix":8,"v":{"a":0,"k":1}},{"ty":6,"nm":"Saturation","mn":"ADBE Change To Color-0011","ix":9,"v":0},{"ty":0,"nm":"Softness","mn":"ADBE Change To Color-0008","ix":10,"v":{"a":0,"k":0.5}},{"ty":7,"nm":"View Correction Matte","mn":"ADBE Change To Color-0009","ix":11,"v":{"a":0,"k":0}}]}],"shapes":[{"ty":"gr","it":[{"ind":0,"ty":"sh","ix":1,"ks":{"a":0,"k":{"i":[[0,0],[0,0]],"o":[[0,0],[0,0]],"v":[[5,-5],[-5,5]],"c":false}},"nm":"Path 1","mn":"ADBE Vector Shape - Group"},{"ty":"st","c":{"a":0,"k":[0,0,0,1]},"o":{"a":0,"k":100},"w":{"a":0,"k":2},"lc":2,"lj":1,"ml":10,"nm":"Stroke 1","mn":"ADBE Vector Graphic - Stroke"},{"ty":"tr","p":{"a":0,"k":[37,25],"ix":2},"a":{"a":0,"k":[0,0],"ix":1},"s":{"a":0,"k":[100,100],"ix":3},"r":{"a":1,"k":[{"i":{"x":[0.667],"y":[1]},"o":{"x":[0.333],"y":[0]},"n":["0p667_1_0p333_0"],"t":8,"s":[-45],"e":[0]},{"i":{"x":[0.667],"y":[0.667]},"o":{"x":[0.333],"y":[0.333]},"n":["0p667_0p667_0p333_0p333"],"t":10,"s":[0],"e":[0]},{"t":11}],"ix":6},"o":{"a":0,"k":100,"ix":7},"sk":{"a":0,"k":0,"ix":4},"sa":{"a":0,"k":0,"ix":5},"nm":"Transform"}],"nm":"Group 4","np":2,"cix":2,"ix":1,"mn":"ADBE Vector Group"},{"ty":"gr","it":[{"ind":0,"ty":"sh","ix":1,"ks":{"a":0,"k":{"i":[[0,0],[0,0]],"o":[[0,0],[0,0]],"v":[[-5,-5],[5,5]],"c":false}},"nm":"Path 1","mn":"ADBE Vector Shape - Group"},{"ty":"st","c":{"a":0,"k":[0,0,0,1]},"o":{"a":0,"k":100},"w":{"a":0,"k":2},"lc":2,"lj":1,"ml":10,"nm":"Stroke 1","mn":"ADBE Vector Graphic - Stroke"},{"ty":"tr","p":{"a":0,"k":[37,25],"ix":2},"a":{"a":0,"k":[0,0],"ix":1},"s":{"a":0,"k":[100,100],"ix":3},"r":{"a":1,"k":[{"i":{"x":[0.667],"y":[1]},"o":{"x":[0.333],"y":[0]},"n":["0p667_1_0p333_0"],"t":8,"s":[45],"e":[0]},{"i":{"x":[0.667],"y":[0.667]},"o":{"x":[0.333],"y":[0.333]},"n":["0p667_0p667_0p333_0p333"],"t":10,"s":[0],"e":[0]},{"t":11}],"ix":6},"o":{"a":0,"k":100,"ix":7},"sk":{"a":0,"k":0,"ix":4},"sa":{"a":0,"k":0,"ix":5},"nm":"Transform"}],"nm":"Group 5","np":2,"cix":2,"ix":2,"mn":"ADBE Vector Group"}],"ip":9,"op":16,"st":0,"bm":0,"sr":1},{"ddd":0,"ind":5,"ty":4,"nm":"Base","ks":{"o":{"a":0,"k":100},"r":{"a":0,"k":0},"p":{"a":0,"k":[25,25,0]},"a":{"a":0,"k":[25,25,0]},"s":{"a":0,"k":[100,100,100]}},"ao":0,"ef":[{"ty":5,"nm":"Change to Color","mn":"ADBE Change To Color","ix":1,"en":1,"ef":[{"ty":2,"nm":"From","mn":"ADBE Change To Color-0001","ix":1,"v":{"a":0,"k":[0,0,0,1]}},{"ty":2,"nm":"To","mn":"ADBE Change To Color-0002","ix":2,"v":{"a":0,"k":[0,0.5450981,0.5411765,1]}},{"ty":7,"nm":"Change","mn":"ADBE Change To Color-0003","ix":3,"v":{"a":0,"k":4}},{"ty":7,"nm":"Change By","mn":"ADBE Change To Color-0004","ix":4,"v":{"a":0,"k":1}},{"ty":6,"nm":"Tolerance","mn":"ADBE Change To Color-0010","ix":5,"v":0},{"ty":0,"nm":"Hue","mn":"ADBE Change To Color-0005","ix":6,"v":{"a":0,"k":0.1}},{"ty":0,"nm":"Lightness","mn":"ADBE Change To Color-0006","ix":7,"v":{"a":0,"k":1}},{"ty":0,"nm":"Saturation","mn":"ADBE Change To Color-0007","ix":8,"v":{"a":0,"k":1}},{"ty":6,"nm":"Saturation","mn":"ADBE Change To Color-0011","ix":9,"v":0},{"ty":0,"nm":"Softness","mn":"ADBE Change To Color-0008","ix":10,"v":{"a":0,"k":0.5}},{"ty":7,"nm":"View Correction Matte","mn":"ADBE Change To Color-0009","ix":11,"v":{"a":0,"k":0}}]}],"shapes":[{"ty":"gr","it":[{"ind":0,"ty":"sh","ix":1,"ks":{"a":1,"k":[{"i":{"x":0.833,"y":0.833},"o":{"x":0.167,"y":0.167},"n":"0p833_0p833_0p167_0p167","t":7,"s":[{"i":[[0,0],[0,0.637],[0,0],[-0.348,0.301],[0,0],[0,-2.429],[0,0],[0,0],[1.889,1.918]],"o":[[-0.348,-0.301],[0,0],[0,-0.637],[0,0],[1.631,-1.656],[0,0],[0,0],[0,2.613],[0,0]],"v":[[-7.896,7.335],[-8.5,5.66],[-8.5,-5.848],[-7.896,-7.536],[4.774,-20.169],[8.5,-18.768],[8.5,-0.192],[8.5,18.221],[4.715,19.906]],"c":true}],"e":[{"i":[[0,0],[0,0.637],[0,0],[-0.348,0.301],[0,0],[0,-2.429],[0,-6.224],[0,0],[1.889,1.918]],"o":[[-0.348,-0.301],[0,0],[0,-0.637],[0,0],[1.631,-1.656],[0,0],[0,6.168],[0,2.613],[0,0]],"v":[[-7.896,7.335],[-8.5,5.66],[-8.5,-5.848],[-7.896,-7.536],[4.774,-20.169],[8.5,-18.768],[6.625,-0.188],[8.5,18.221],[4.715,19.906]],"c":true}]},{"i":{"x":0.833,"y":0.833},"o":{"x":0.167,"y":0.167},"n":"0p833_0p833_0p167_0p167","t":8,"s":[{"i":[[0,0],[0,0.637],[0,0],[-0.348,0.301],[0,0],[0,-2.429],[0,-6.224],[0,0],[1.889,1.918]],"o":[[-0.348,-0.301],[0,0],[0,-0.637],[0,0],[1.631,-1.656],[0,0],[0,6.168],[0,2.613],[0,0]],"v":[[-7.896,7.335],[-8.5,5.66],[-8.5,-5.848],[-7.896,-7.536],[4.774,-20.169],[8.5,-18.768],[6.625,-0.188],[8.5,18.221],[4.715,19.906]],"c":true}],"e":[{"i":[[0,0],[0,0.637],[0,0],[-0.348,0.301],[0,0],[0,-2.429],[0,-6.224],[0,0],[1.889,1.918]],"o":[[-0.348,-0.301],[0,0],[0,-0.637],[0,0],[1.631,-1.656],[0,0],[0,6.168],[0,2.613],[0,0]],"v":[[-7.896,7.335],[-8.5,5.66],[-8.5,-5.848],[-7.896,-7.536],[4.774,-20.169],[8.5,-18.768],[10.438,-0.095],[8.5,18.221],[4.715,19.906]],"c":true}]},{"i":{"x":0.833,"y":0.833},"o":{"x":0.167,"y":0.167},"n":"0p833_0p833_0p167_0p167","t":9,"s":[{"i":[[0,0],[0,0.637],[0,0],[-0.348,0.301],[0,0],[0,-2.429],[0,-6.224],[0,0],[1.889,1.918]],"o":[[-0.348,-0.301],[0,0],[0,-0.637],[0,0],[1.631,-1.656],[0,0],[0,6.168],[0,2.613],[0,0]],"v":[[-7.896,7.335],[-8.5,5.66],[-8.5,-5.848],[-7.896,-7.536],[4.774,-20.169],[8.5,-18.768],[10.438,-0.095],[8.5,18.221],[4.715,19.906]],"c":true}],"e":[{"i":[[0,0],[0,0.637],[0,0],[-0.348,0.301],[0,0],[0,-2.429],[0,0],[0,0],[1.889,1.918]],"o":[[-0.348,-0.301],[0,0],[0,-0.637],[0,0],[1.631,-1.656],[0,0],[0,0],[0,2.613],[0,0]],"v":[[-7.896,7.335],[-8.5,5.66],[-8.5,-5.848],[-7.896,-7.536],[4.774,-20.169],[8.5,-18.768],[8.5,-0.192],[8.5,18.221],[4.715,19.906]],"c":true}]},{"i":{"x":0.833,"y":0.833},"o":{"x":0.167,"y":0.167},"n":"0p833_0p833_0p167_0p167","t":10,"s":[{"i":[[0,0],[0,0.637],[0,0],[-0.348,0.301],[0,0],[0,-2.429],[0,0],[0,0],[1.889,1.918]],"o":[[-0.348,-0.301],[0,0],[0,-0.637],[0,0],[1.631,-1.656],[0,0],[0,0],[0,2.613],[0,0]],"v":[[-7.896,7.335],[-8.5,5.66],[-8.5,-5.848],[-7.896,-7.536],[4.774,-20.169],[8.5,-18.768],[8.5,-0.192],[8.5,18.221],[4.715,19.906]],"c":true}],"e":[{"i":[[0,0],[0,0.637],[0,0],[-0.348,0.301],[0,0],[0,-2.429],[0,0],[0,0],[1.889,1.918]],"o":[[-0.348,-0.301],[0,0],[0,-0.637],[0,0],[1.631,-1.656],[0,0],[0,0],[0,2.613],[0,0]],"v":[[-7.896,7.335],[-8.5,5.66],[-8.5,-5.848],[-7.896,-7.536],[4.774,-20.169],[8.5,-18.768],[8.5,-0.192],[8.5,18.221],[4.715,19.906]],"c":true}]},{"i":{"x":0.833,"y":0.833},"o":{"x":0.167,"y":0.167},"n":"0p833_0p833_0p167_0p167","t":19,"s":[{"i":[[0,0],[0,0.637],[0,0],[-0.348,0.301],[0,0],[0,-2.429],[0,0],[0,0],[1.889,1.918]],"o":[[-0.348,-0.301],[0,0],[0,-0.637],[0,0],[1.631,-1.656],[0,0],[0,0],[0,2.613],[0,0]],"v":[[-7.896,7.335],[-8.5,5.66],[-8.5,-5.848],[-7.896,-7.536],[4.774,-20.169],[8.5,-18.768],[8.5,-0.192],[8.5,18.221],[4.715,19.906]],"c":true}],"e":[{"i":[[0,0],[0,0.637],[0,0],[-0.348,0.301],[0,0],[0,-2.429],[0,-6.224],[0,0],[1.889,1.918]],"o":[[-0.348,-0.301],[0,0],[0,-0.637],[0,0],[1.631,-1.656],[0,0],[0,6.168],[0,2.613],[0,0]],"v":[[-7.896,7.335],[-8.5,5.66],[-8.5,-5.848],[-7.896,-7.536],[4.774,-20.169],[8.5,-18.768],[6.625,-0.188],[8.5,18.221],[4.715,19.906]],"c":true}]},{"i":{"x":0.833,"y":0.833},"o":{"x":0.167,"y":0.167},"n":"0p833_0p833_0p167_0p167","t":20,"s":[{"i":[[0,0],[0,0.637],[0,0],[-0.348,0.301],[0,0],[0,-2.429],[0,-6.224],[0,0],[1.889,1.918]],"o":[[-0.348,-0.301],[0,0],[0,-0.637],[0,0],[1.631,-1.656],[0,0],[0,6.168],[0,2.613],[0,0]],"v":[[-7.896,7.335],[-8.5,5.66],[-8.5,-5.848],[-7.896,-7.536],[4.774,-20.169],[8.5,-18.768],[6.625,-0.188],[8.5,18.221],[4.715,19.906]],"c":true}],"e":[{"i":[[0,0],[0,0.637],[0,0],[-0.348,0.301],[0,0],[0,-2.429],[0,-6.224],[0,0],[1.889,1.918]],"o":[[-0.348,-0.301],[0,0],[0,-0.637],[0,0],[1.631,-1.656],[0,0],[0,6.168],[0,2.613],[0,0]],"v":[[-7.896,7.335],[-8.5,5.66],[-8.5,-5.848],[-7.896,-7.536],[4.774,-20.169],[8.5,-18.768],[10.438,-0.095],[8.5,18.221],[4.715,19.906]],"c":true}]},{"i":{"x":0.833,"y":0.833},"o":{"x":0.167,"y":0.167},"n":"0p833_0p833_0p167_0p167","t":21,"s":[{"i":[[0,0],[0,0.637],[0,0],[-0.348,0.301],[0,0],[0,-2.429],[0,-6.224],[0,0],[1.889,1.918]],"o":[[-0.348,-0.301],[0,0],[0,-0.637],[0,0],[1.631,-1.656],[0,0],[0,6.168],[0,2.613],[0,0]],"v":[[-7.896,7.335],[-8.5,5.66],[-8.5,-5.848],[-7.896,-7.536],[4.774,-20.169],[8.5,-18.768],[10.438,-0.095],[8.5,18.221],[4.715,19.906]],"c":true}],"e":[{"i":[[0,0],[0,0.637],[0,0],[-0.348,0.301],[0,0],[0,-2.429],[0,0],[0,0],[1.889,1.918]],"o":[[-0.348,-0.301],[0,0],[0,-0.637],[0,0],[1.631,-1.656],[0,0],[0,0],[0,2.613],[0,0]],"v":[[-7.896,7.335],[-8.5,5.66],[-8.5,-5.848],[-7.896,-7.536],[4.774,-20.169],[8.5,-18.768],[8.5,-0.192],[8.5,18.221],[4.715,19.906]],"c":true}]},{"t":22}]},"nm":"Path 1","mn":"ADBE Vector Shape - Group"},{"ty":"st","c":{"a":0,"k":[0,0,0,1]},"o":{"a":0,"k":100},"w":{"a":0,"k":1.98},"lc":1,"lj":2,"nm":"Stroke 1","mn":"ADBE Vector Graphic - Stroke"},{"ty":"tr","p":{"a":0,"k":[17.5,25.094],"ix":2},"a":{"a":0,"k":[0,0],"ix":1},"s":{"a":0,"k":[100,100],"ix":3},"r":{"a":0,"k":0,"ix":6},"o":{"a":0,"k":100,"ix":7},"sk":{"a":0,"k":0,"ix":4},"sa":{"a":0,"k":0,"ix":5},"nm":"Transform"}],"nm":"Group 2","np":2,"cix":2,"ix":1,"mn":"ADBE Vector Group"},{"ty":"gr","it":[{"ind":0,"ty":"sh","ix":1,"ks":{"a":0,"k":{"i":[[0,0],[0,0],[0,1.102],[0,0],[-1.103,0],[0,0]],"o":[[0,0],[-1.103,0],[0,0],[0,-1.102],[0,0],[0,0]],"v":[[4.5,8],[-2.5,8],[-4.5,6],[-4.5,-6],[-2.5,-8],[4.5,-8]],"c":false}},"nm":"Path 1","mn":"ADBE Vector Shape - Group"},{"ty":"st","c":{"a":0,"k":[0,0,0,1]},"o":{"a":0,"k":100},"w":{"a":0,"k":2.08},"lc":1,"lj":2,"nm":"Stroke 1","mn":"ADBE Vector Graphic - Stroke"},{"ty":"tr","p":{"a":0,"k":[5.5,25],"ix":2},"a":{"a":0,"k":[0,0],"ix":1},"s":{"a":0,"k":[100,100],"ix":3},"r":{"a":0,"k":0,"ix":6},"o":{"a":0,"k":100,"ix":7},"sk":{"a":0,"k":0,"ix":4},"sa":{"a":0,"k":0,"ix":5},"nm":"Transform"}],"nm":"Group 3","np":2,"cix":2,"ix":2,"mn":"ADBE Vector Group"}],"ip":0,"op":28,"st":0,"bm":0,"sr":1}]}