{"v":"4.5.5","fr":24,"ip":0,"op":28,"w":50,"h":50,"ddd":0,"assets":[],"layers":[{"ddd":0,"ind":0,"ty":4,"nm":"Shipped Outlines 3","ks":{"o":{"a":0,"k":100},"r":{"a":0,"k":0},"p":{"a":0,"k":[25,25,0]},"a":{"a":0,"k":[25,25,0]},"s":{"a":0,"k":[100,100,100]}},"ao":0,"ef":[{"ty":5,"nm":"Change to Color","mn":"ADBE Change To Color","ix":1,"en":1,"ef":[{"ty":2,"nm":"From","mn":"ADBE Change To Color-0001","ix":1,"v":{"a":0,"k":[0,0,0,1]}},{"ty":2,"nm":"To","mn":"ADBE Change To Color-0002","ix":2,"v":{"a":0,"k":[0,0.55,0.54,1]}},{"ty":7,"nm":"Change","mn":"ADBE Change To Color-0003","ix":3,"v":{"a":0,"k":4}},{"ty":7,"nm":"Change By","mn":"ADBE Change To Color-0004","ix":4,"v":{"a":0,"k":1}},{"ty":6,"nm":"Tolerance","mn":"ADBE Change To Color-0010","ix":5,"v":0},{"ty":0,"nm":"Hue","mn":"ADBE Change To Color-0005","ix":6,"v":{"a":0,"k":0.1}},{"ty":0,"nm":"Lightness","mn":"ADBE Change To Color-0006","ix":7,"v":{"a":0,"k":1}},{"ty":0,"nm":"Saturation","mn":"ADBE Change To Color-0007","ix":8,"v":{"a":0,"k":1}},{"ty":6,"nm":"Saturation","mn":"ADBE Change To Color-0011","ix":9,"v":0},{"ty":0,"nm":"Softness","mn":"ADBE Change To Color-0008","ix":10,"v":{"a":0,"k":0.5}},{"ty":7,"nm":"View Correction Matte","mn":"ADBE Change To Color-0009","ix":11,"v":{"a":0,"k":0}}]}],"shapes":[{"ty":"gr","it":[{"ind":0,"ty":"sh","ks":{"a":0,"k":{"i":[[0,0],[0,0],[0,0],[0,0]],"o":[[0,0],[0,0],[0,0],[0,0]],"v":[[-12.875,-6.3],[12.875,-6.3],[1.325,6.3],[-4.623,1.038]],"c":false}},"nm":"Path 1","mn":"ADBE Vector Shape - Group"},{"ty":"st","c":{"a":0,"k":[0,0,0,1]},"o":{"a":0,"k":100},"w":{"a":0,"k":2},"lc":1,"lj":2,"nm":"Stroke 1","mn":"ADBE Vector Graphic - Stroke"},{"ty":"tr","p":{"a":0,"k":[12.875,19.3],"ix":2},"a":{"a":0,"k":[0,0],"ix":1},"s":{"a":0,"k":[100,100],"ix":3},"r":{"a":0,"k":0,"ix":6},"o":{"a":0,"k":100,"ix":7},"sk":{"a":0,"k":0,"ix":4},"sa":{"a":0,"k":0,"ix":5},"nm":"Transform"}],"nm":"Group 10","np":2,"mn":"ADBE Vector Group"},{"ty":"tm","s":{"a":1,"k":[{"i":{"x":[0.833],"y":[0.833]},"o":{"x":[0.167],"y":[0.167]},"n":["0p833_0p833_0p167_0p167"],"t":5,"s":[0],"e":[60]},{"i":{"x":[0.833],"y":[0.833]},"o":{"x":[0.167],"y":[0.167]},"n":["0p833_0p833_0p167_0p167"],"t":10,"s":[60],"e":[56]},{"i":{"x":[0.833],"y":[0.833]},"o":{"x":[0.167],"y":[0.167]},"n":["0p833_0p833_0p167_0p167"],"t":11,"s":[56],"e":[56]},{"i":{"x":[0.833],"y":[0.833]},"o":{"x":[0.167],"y":[0.167]},"n":["0p833_0p833_0p167_0p167"],"t":17,"s":[56],"e":[60]},{"i":{"x":[0.833],"y":[0.833]},"o":{"x":[0.167],"y":[0.167]},"n":["0p833_0p833_0p167_0p167"],"t":18,"s":[60],"e":[0]},{"t":23}],"ix":1},"e":{"a":1,"k":[{"i":{"x":[0.833],"y":[0.833]},"o":{"x":[0.167],"y":[0.167]},"n":["0p833_0p833_0p167_0p167"],"t":3,"s":[35.5],"e":[30]},{"i":{"x":[0.833],"y":[0.833]},"o":{"x":[0.167],"y":[0.167]},"n":["0p833_0p833_0p167_0p167"],"t":4,"s":[30],"e":[100]},{"i":{"x":[0.833],"y":[0.833]},"o":{"x":[0.167],"y":[0.167]},"n":["0p833_0p833_0p167_0p167"],"t":8,"s":[100],"e":[100]},{"i":{"x":[0.833],"y":[0.833]},"o":{"x":[0.167],"y":[0.167]},"n":["0p833_0p833_0p167_0p167"],"t":20,"s":[100],"e":[30]},{"i":{"x":[0.833],"y":[0.833]},"o":{"x":[0.167],"y":[0.167]},"n":["0p833_0p833_0p167_0p167"],"t":24,"s":[30],"e":[35.5]},{"t":25}],"ix":2},"o":{"a":0,"k":0,"ix":3},"m":1,"ix":2,"nm":"Trim Paths 1","mn":"ADBE Vector Filter - Trim"}],"ip":0,"op":28,"st":0,"bm":0,"sr":1},{"ddd":0,"ind":1,"ty":4,"nm":"Shipped Outlines 5","ks":{"o":{"a":0,"k":100},"r":{"a":0,"k":0},"p":{"a":0,"k":[25,25,0]},"a":{"a":0,"k":[25,25,0]},"s":{"a":0,"k":[100,100,100]}},"ao":0,"ef":[{"ty":5,"nm":"Change to Color","mn":"ADBE Change To Color","ix":1,"en":1,"ef":[{"ty":2,"nm":"From","mn":"ADBE Change To Color-0001","ix":1,"v":{"a":0,"k":[0,0,0,1]}},{"ty":2,"nm":"To","mn":"ADBE Change To Color-0002","ix":2,"v":{"a":0,"k":[0,0.55,0.54,1]}},{"ty":7,"nm":"Change","mn":"ADBE Change To Color-0003","ix":3,"v":{"a":0,"k":4}},{"ty":7,"nm":"Change By","mn":"ADBE Change To Color-0004","ix":4,"v":{"a":0,"k":1}},{"ty":6,"nm":"Tolerance","mn":"ADBE Change To Color-0010","ix":5,"v":0},{"ty":0,"nm":"Hue","mn":"ADBE Change To Color-0005","ix":6,"v":{"a":0,"k":0.1}},{"ty":0,"nm":"Lightness","mn":"ADBE Change To Color-0006","ix":7,"v":{"a":0,"k":1}},{"ty":0,"nm":"Saturation","mn":"ADBE Change To Color-0007","ix":8,"v":{"a":0,"k":1}},{"ty":6,"nm":"Saturation","mn":"ADBE Change To Color-0011","ix":9,"v":0},{"ty":0,"nm":"Softness","mn":"ADBE Change To Color-0008","ix":10,"v":{"a":0,"k":0.5}},{"ty":7,"nm":"View Correction Matte","mn":"ADBE Change To Color-0009","ix":11,"v":{"a":0,"k":0}}]}],"shapes":[{"ty":"gr","it":[{"ind":0,"ty":"sh","ks":{"a":1,"k":[{"i":{"x":0.833,"y":0.833},"o":{"x":0.167,"y":0.167},"n":"0p833_0p833_0p167_0p167","t":3,"s":[{"i":[[0,0],[0,0]],"o":[[0,0],[0,0]],"v":[[0,25],[9,25]],"c":false}],"e":[{"i":[[0,0],[0,0]],"o":[[0,0],[0,0]],"v":[[0,25],[9.625,25]],"c":false}]},{"i":{"x":0.833,"y":0.833},"o":{"x":0.167,"y":0.167},"n":"0p833_0p833_0p167_0p167","t":4,"s":[{"i":[[0,0],[0,0]],"o":[[0,0],[0,0]],"v":[[0,25],[9.625,25]],"c":false}],"e":[{"i":[[0,0],[0,0]],"o":[[0,0],[0,0]],"v":[[0,25],[-7.563,25]],"c":false}]},{"i":{"x":0.833,"y":0.833},"o":{"x":0.167,"y":0.167},"n":"0p833_0p833_0p167_0p167","t":7,"s":[{"i":[[0,0],[0,0]],"o":[[0,0],[0,0]],"v":[[0,25],[-7.563,25]],"c":false}],"e":[{"i":[[0,0],[0,0]],"o":[[0,0],[0,0]],"v":[[0,25],[-7.563,25]],"c":false}]},{"i":{"x":0.833,"y":0.833},"o":{"x":0.167,"y":0.167},"n":"0p833_0p833_0p167_0p167","t":21,"s":[{"i":[[0,0],[0,0]],"o":[[0,0],[0,0]],"v":[[0,25],[-7.563,25]],"c":false}],"e":[{"i":[[0,0],[0,0]],"o":[[0,0],[0,0]],"v":[[0,25],[9.625,25]],"c":false}]},{"i":{"x":0.833,"y":0.833},"o":{"x":0.167,"y":0.167},"n":"0p833_0p833_0p167_0p167","t":24,"s":[{"i":[[0,0],[0,0]],"o":[[0,0],[0,0]],"v":[[0,25],[9.625,25]],"c":false}],"e":[{"i":[[0,0],[0,0]],"o":[[0,0],[0,0]],"v":[[0,25],[9,25]],"c":false}]},{"t":25}]},"nm":"Path 1","mn":"ADBE Vector Shape - Group"},{"ty":"st","c":{"a":0,"k":[0,0,0,1]},"o":{"a":0,"k":100},"w":{"a":0,"k":2},"lc":1,"lj":1,"ml":10,"nm":"Stroke 1","mn":"ADBE Vector Graphic - Stroke"},{"ty":"tr","p":{"a":0,"k":[0,0],"ix":2},"a":{"a":0,"k":[0,0],"ix":1},"s":{"a":0,"k":[100,100],"ix":3},"r":{"a":0,"k":0,"ix":6},"o":{"a":0,"k":100,"ix":7},"sk":{"a":0,"k":0,"ix":4},"sa":{"a":0,"k":0,"ix":5},"nm":"Transform"}],"nm":"Group 1","np":2,"mn":"ADBE Vector Group"},{"ty":"gr","it":[{"ind":0,"ty":"sh","ks":{"a":1,"k":[{"i":{"x":0.833,"y":0.833},"o":{"x":0.167,"y":0.167},"n":"0p833_0p833_0p167_0p167","t":3,"s":[{"i":[[0,0],[0,0]],"o":[[0,0],[0,0]],"v":[[0,21],[12,21]],"c":false}],"e":[{"i":[[0,0],[0,0]],"o":[[0,0],[0,0]],"v":[[0,21],[12.625,21]],"c":false}]},{"i":{"x":0.833,"y":0.833},"o":{"x":0.167,"y":0.167},"n":"0p833_0p833_0p167_0p167","t":4,"s":[{"i":[[0,0],[0,0]],"o":[[0,0],[0,0]],"v":[[0,21],[12.625,21]],"c":false}],"e":[{"i":[[0,0],[0,0]],"o":[[0,0],[0,0]],"v":[[0,21],[-4.563,21]],"c":false}]},{"i":{"x":0.833,"y":0.833},"o":{"x":0.167,"y":0.167},"n":"0p833_0p833_0p167_0p167","t":6,"s":[{"i":[[0,0],[0,0]],"o":[[0,0],[0,0]],"v":[[0,21],[-4.563,21]],"c":false}],"e":[{"i":[[0,0],[0,0]],"o":[[0,0],[0,0]],"v":[[0,21],[-4.563,21]],"c":false}]},{"i":{"x":0.833,"y":0.833},"o":{"x":0.167,"y":0.167},"n":"0p833_0p833_0p167_0p167","t":22,"s":[{"i":[[0,0],[0,0]],"o":[[0,0],[0,0]],"v":[[0,21],[-4.563,21]],"c":false}],"e":[{"i":[[0,0],[0,0]],"o":[[0,0],[0,0]],"v":[[0,21],[12.625,21]],"c":false}]},{"i":{"x":0.833,"y":0.833},"o":{"x":0.167,"y":0.167},"n":"0p833_0p833_0p167_0p167","t":24,"s":[{"i":[[0,0],[0,0]],"o":[[0,0],[0,0]],"v":[[0,21],[12.625,21]],"c":false}],"e":[{"i":[[0,0],[0,0]],"o":[[0,0],[0,0]],"v":[[0,21],[12,21]],"c":false}]},{"t":25}]},"nm":"Path 1","mn":"ADBE Vector Shape - Group"},{"ty":"st","c":{"a":0,"k":[0,0,0,1]},"o":{"a":0,"k":100},"w":{"a":0,"k":2},"lc":1,"lj":1,"ml":10,"nm":"Stroke 1","mn":"ADBE Vector Graphic - Stroke"},{"ty":"tr","p":{"a":0,"k":[0,0],"ix":2},"a":{"a":0,"k":[0,0],"ix":1},"s":{"a":0,"k":[100,100],"ix":3},"r":{"a":0,"k":0,"ix":6},"o":{"a":0,"k":100,"ix":7},"sk":{"a":0,"k":0,"ix":4},"sa":{"a":0,"k":0,"ix":5},"nm":"Transform"}],"nm":"Group 2","np":2,"mn":"ADBE Vector Group"},{"ty":"gr","it":[{"ind":0,"ty":"sh","ks":{"a":1,"k":[{"i":{"x":0.833,"y":0.833},"o":{"x":0.167,"y":0.167},"n":"0p833_0p833_0p167_0p167","t":3,"s":[{"i":[[0,0],[0,0]],"o":[[0,0],[0,0]],"v":[[0,17],[15,17]],"c":false}],"e":[{"i":[[0,0],[0,0]],"o":[[0,0],[0,0]],"v":[[0,17],[15.625,17]],"c":false}]},{"i":{"x":0.833,"y":0.833},"o":{"x":0.167,"y":0.167},"n":"0p833_0p833_0p167_0p167","t":4,"s":[{"i":[[0,0],[0,0]],"o":[[0,0],[0,0]],"v":[[0,17],[15.625,17]],"c":false}],"e":[{"i":[[0,0],[0,0]],"o":[[0,0],[0,0]],"v":[[0,17],[-1.563,17]],"c":false}]},{"i":{"x":0.833,"y":0.833},"o":{"x":0.167,"y":0.167},"n":"0p833_0p833_0p167_0p167","t":5,"s":[{"i":[[0,0],[0,0]],"o":[[0,0],[0,0]],"v":[[0,17],[-1.563,17]],"c":false}],"e":[{"i":[[0,0],[0,0]],"o":[[0,0],[0,0]],"v":[[0,17],[-1.563,17]],"c":false}]},{"i":{"x":0.833,"y":0.833},"o":{"x":0.167,"y":0.167},"n":"0p833_0p833_0p167_0p167","t":23,"s":[{"i":[[0,0],[0,0]],"o":[[0,0],[0,0]],"v":[[0,17],[-1.563,17]],"c":false}],"e":[{"i":[[0,0],[0,0]],"o":[[0,0],[0,0]],"v":[[0,17],[15.625,17]],"c":false}]},{"i":{"x":0.833,"y":0.833},"o":{"x":0.167,"y":0.167},"n":"0p833_0p833_0p167_0p167","t":24,"s":[{"i":[[0,0],[0,0]],"o":[[0,0],[0,0]],"v":[[0,17],[15.625,17]],"c":false}],"e":[{"i":[[0,0],[0,0]],"o":[[0,0],[0,0]],"v":[[0,17],[15,17]],"c":false}]},{"t":25}]},"nm":"Path 1","mn":"ADBE Vector Shape - Group"},{"ty":"st","c":{"a":0,"k":[0,0,0,1]},"o":{"a":0,"k":100},"w":{"a":0,"k":2},"lc":1,"lj":1,"ml":10,"nm":"Stroke 1","mn":"ADBE Vector Graphic - Stroke"},{"ty":"tr","p":{"a":0,"k":[0,0],"ix":2},"a":{"a":0,"k":[0,0],"ix":1},"s":{"a":0,"k":[100,100],"ix":3},"r":{"a":0,"k":0,"ix":6},"o":{"a":0,"k":100,"ix":7},"sk":{"a":0,"k":0,"ix":4},"sa":{"a":0,"k":0,"ix":5},"nm":"Transform"}],"nm":"Group 3","np":2,"mn":"ADBE Vector Group"}],"ip":0,"op":28,"st":0,"bm":0,"sr":1},{"ddd":0,"ind":2,"ty":4,"nm":"mask","td":1,"ks":{"o":{"a":0,"k":100},"r":{"a":0,"k":0},"p":{"a":0,"k":[25,25,0]},"a":{"a":0,"k":[25,25,0]},"s":{"a":0,"k":[100,100,100]}},"ao":0,"shapes":[{"ty":"gr","it":[{"ind":0,"ty":"sh","ks":{"a":1,"k":[{"i":{"x":0.833,"y":0.833},"o":{"x":0.167,"y":0.167},"n":"0p833_0p833_0p167_0p167","t":3,"s":[{"i":[[0,0],[0,0],[0,0],[0,0],[0,0],[0,0],[0,0],[0,0],[0,0],[0,0],[0,0],[0,0],[0,0],[0,0],[0,0],[0,0],[0,0],[0,0],[0,0],[0,0]],"o":[[0,0],[0,0],[0,0],[0,0],[0,0],[0,0],[0,0],[0,0],[0,0],[0,0],[0,0],[0,0],[0,0],[0,0],[0,0],[0,0],[0,0],[0,0],[0,0],[0,0]],"v":[[-5.5,-8.39],[-9.75,-8.421],[-9.75,8.501],[-0.75,8.501],[1.25,8.501],[1.25,7],[1.25,5],[2.25,5],[4.25,5],[4.25,3.001],[4.25,1.001],[5.25,1.001],[7.25,1.001],[7.25,-1],[7.25,-3],[8.25,-3],[10.25,-3],[10.25,-4.999],[10.25,-6.999],[-5.5,-7.499]],"c":true}],"e":[{"i":[[0,0],[0,0],[0,0],[0,0],[0,0],[0,0],[0,0],[0,0],[0,0],[0,0],[0,0],[0,0],[0,0],[0,0],[0,0],[0,0],[0,0],[0,0],[0,0],[0,0]],"o":[[0,0],[0,0],[0,0],[0,0],[0,0],[0,0],[0,0],[0,0],[0,0],[0,0],[0,0],[0,0],[0,0],[0,0],[0,0],[0,0],[0,0],[0,0],[0,0],[0,0]],"v":[[-6.938,-8.499],[-9.75,-8.499],[-9.75,8.501],[-0.75,8.501],[1.25,8.501],[1.25,7],[1.25,5],[2.25,5],[4.25,5],[4.25,3.001],[4.25,1.001],[5.25,1.001],[-16.5,1.001],[-16.5,-1],[-16.5,-3],[8.25,-3],[10.25,-3],[10.25,-4.999],[-4.938,-6.999],[-4.938,-8.499]],"c":true}]},{"i":{"x":0.833,"y":0.833},"o":{"x":0.167,"y":0.167},"n":"0p833_0p833_0p167_0p167","t":5,"s":[{"i":[[0,0],[0,0],[0,0],[0,0],[0,0],[0,0],[0,0],[0,0],[0,0],[0,0],[0,0],[0,0],[0,0],[0,0],[0,0],[0,0],[0,0],[0,0],[0,0],[0,0]],"o":[[0,0],[0,0],[0,0],[0,0],[0,0],[0,0],[0,0],[0,0],[0,0],[0,0],[0,0],[0,0],[0,0],[0,0],[0,0],[0,0],[0,0],[0,0],[0,0],[0,0]],"v":[[-6.938,-8.499],[-9.75,-8.499],[-9.75,8.501],[-0.75,8.501],[1.25,8.501],[1.25,7],[1.25,5],[2.25,5],[4.25,5],[4.25,3.001],[4.25,1.001],[5.25,1.001],[-16.5,1.001],[-16.5,-1],[-16.5,-3],[8.25,-3],[10.25,-3],[10.25,-4.999],[-4.938,-6.999],[-4.938,-8.499]],"c":true}],"e":[{"i":[[0,0],[0,0],[0,0],[0,0],[0,0],[0,0],[0,0],[0,0],[0,0],[0,0],[0,0],[0,0],[0,0],[0,0],[0,0],[0,0],[0,0],[0,0],[0,0],[0,0]],"o":[[0,0],[0,0],[0,0],[0,0],[0,0],[0,0],[0,0],[0,0],[0,0],[0,0],[0,0],[0,0],[0,0],[0,0],[0,0],[0,0],[0,0],[0,0],[0,0],[0,0]],"v":[[-13.125,-9],[-31.125,-9],[-31.125,9],[-22.125,9],[-20.125,9],[-20.125,6.999],[-20.125,4.999],[-19.125,4.999],[-17.125,4.999],[-17.125,3],[-17.125,1],[-16.125,1],[-37.875,1],[-37.875,-1.001],[-37.875,-3.001],[-13.125,-3.001],[-11.125,-3.001],[-11.125,-5],[-11.125,-7],[-11.125,-9]],"c":true}]},{"i":{"x":0.833,"y":0.833},"o":{"x":0.167,"y":0.167},"n":"0p833_0p833_0p167_0p167","t":6,"s":[{"i":[[0,0],[0,0],[0,0],[0,0],[0,0],[0,0],[0,0],[0,0],[0,0],[0,0],[0,0],[0,0],[0,0],[0,0],[0,0],[0,0],[0,0],[0,0],[0,0],[0,0]],"o":[[0,0],[0,0],[0,0],[0,0],[0,0],[0,0],[0,0],[0,0],[0,0],[0,0],[0,0],[0,0],[0,0],[0,0],[0,0],[0,0],[0,0],[0,0],[0,0],[0,0]],"v":[[-13.125,-9],[-31.125,-9],[-31.125,9],[-22.125,9],[-20.125,9],[-20.125,6.999],[-20.125,4.999],[-19.125,4.999],[-17.125,4.999],[-17.125,3],[-17.125,1],[-16.125,1],[-37.875,1],[-37.875,-1.001],[-37.875,-3.001],[-13.125,-3.001],[-11.125,-3.001],[-11.125,-5],[-11.125,-7],[-11.125,-9]],"c":true}],"e":[{"i":[[0,0],[0,0],[0,0],[0,0],[0,0],[0,0],[0,0],[0,0],[0,0],[0,0],[0,0],[0,0],[0,0],[0,0],[0,0],[0,0],[0,0],[0,0],[0,0],[0,0]],"o":[[0,0],[0,0],[0,0],[0,0],[0,0],[0,0],[0,0],[0,0],[0,0],[0,0],[0,0],[0,0],[0,0],[0,0],[0,0],[0,0],[0,0],[0,0],[0,0],[0,0]],"v":[[-13.125,-9],[-31.125,-9],[-31.125,9],[-22.125,9],[-20.125,9],[-20.125,6.999],[-20.125,4.999],[-19.125,4.999],[-17.125,4.999],[-17.125,3],[-17.125,1],[-16.125,1],[-37.875,1],[-37.875,-1.001],[-37.875,-3.001],[-13.125,-3.001],[-11.125,-3.001],[-11.125,-5],[-11.125,-7],[-11.125,-9]],"c":true}]},{"i":{"x":0.833,"y":0.833},"o":{"x":0.167,"y":0.167},"n":"0p833_0p833_0p167_0p167","t":22,"s":[{"i":[[0,0],[0,0],[0,0],[0,0],[0,0],[0,0],[0,0],[0,0],[0,0],[0,0],[0,0],[0,0],[0,0],[0,0],[0,0],[0,0],[0,0],[0,0],[0,0],[0,0]],"o":[[0,0],[0,0],[0,0],[0,0],[0,0],[0,0],[0,0],[0,0],[0,0],[0,0],[0,0],[0,0],[0,0],[0,0],[0,0],[0,0],[0,0],[0,0],[0,0],[0,0]],"v":[[-13.125,-9],[-31.125,-9],[-31.125,9],[-22.125,9],[-20.125,9],[-20.125,6.999],[-20.125,4.999],[-19.125,4.999],[-17.125,4.999],[-17.125,3],[-17.125,1],[-16.125,1],[-37.875,1],[-37.875,-1.001],[-37.875,-3.001],[-13.125,-3.001],[-11.125,-3.001],[-11.125,-5],[-11.125,-7],[-11.125,-9]],"c":true}],"e":[{"i":[[0,0],[0,0],[0,0],[0,0],[0,0],[0,0],[0,0],[0,0],[0,0],[0,0],[0,0],[0,0],[0,0],[0,0],[0,0],[0,0],[0,0],[0,0],[0,0],[0,0]],"o":[[0,0],[0,0],[0,0],[0,0],[0,0],[0,0],[0,0],[0,0],[0,0],[0,0],[0,0],[0,0],[0,0],[0,0],[0,0],[0,0],[0,0],[0,0],[0,0],[0,0]],"v":[[-7.813,-8.499],[-9.75,-8.499],[-9.75,8.438],[-0.75,8.438],[1.25,8.438],[1.25,7],[1.25,5],[2.25,5],[4.25,5],[4.25,3.001],[4.25,1.001],[5.25,1.001],[-16.5,1.001],[-16.5,-1],[-16.5,-3],[8.25,-3],[10.25,-3],[10.25,-4.999],[-5.813,-6.999],[-5.813,-8.499]],"c":true}]},{"i":{"x":0.833,"y":0.833},"o":{"x":0.167,"y":0.167},"n":"0p833_0p833_0p167_0p167","t":23,"s":[{"i":[[0,0],[0,0],[0,0],[0,0],[0,0],[0,0],[0,0],[0,0],[0,0],[0,0],[0,0],[0,0],[0,0],[0,0],[0,0],[0,0],[0,0],[0,0],[0,0],[0,0]],"o":[[0,0],[0,0],[0,0],[0,0],[0,0],[0,0],[0,0],[0,0],[0,0],[0,0],[0,0],[0,0],[0,0],[0,0],[0,0],[0,0],[0,0],[0,0],[0,0],[0,0]],"v":[[-7.813,-8.499],[-9.75,-8.499],[-9.75,8.438],[-0.75,8.438],[1.25,8.438],[1.25,7],[1.25,5],[2.25,5],[4.25,5],[4.25,3.001],[4.25,1.001],[5.25,1.001],[-16.5,1.001],[-16.5,-1],[-16.5,-3],[8.25,-3],[10.25,-3],[10.25,-4.999],[-5.813,-6.999],[-5.813,-8.499]],"c":true}],"e":[{"i":[[0,0],[0,0],[0,0],[0,0],[0,0],[0,0],[0,0],[0,0],[0,0],[0,0],[0,0],[0,0],[0,0],[0,0],[0,0],[0,0],[0,0],[0,0],[0,0],[0,0]],"o":[[0,0],[0,0],[0,0],[0,0],[0,0],[0,0],[0,0],[0,0],[0,0],[0,0],[0,0],[0,0],[0,0],[0,0],[0,0],[0,0],[0,0],[0,0],[0,0],[0,0]],"v":[[-7.938,-8.437],[-9.75,-8.437],[-9.75,8.501],[-0.75,8.501],[1.25,8.501],[1.25,7],[1.25,5],[2.25,5],[4.25,5],[4.25,3.001],[4.25,1.001],[5.25,1.001],[7.25,1.001],[7.25,-1],[7.25,-3],[8.25,-3],[10.25,-3],[10.25,-4.999],[-5.938,-6.999],[-5.938,-8.437]],"c":true}]},{"t":25}]},"nm":"Path 1","mn":"ADBE Vector Shape - Group"},{"ty":"fl","c":{"a":0,"k":[0.24,1,0.34,1]},"o":{"a":0,"k":100},"nm":"Fill 1","mn":"ADBE Vector Graphic - Fill"},{"ty":"tr","p":{"a":0,"k":[9.75,19],"ix":2},"a":{"a":0,"k":[0,0],"ix":1},"s":{"a":0,"k":[100,100],"ix":3},"r":{"a":0,"k":0,"ix":6},"o":{"a":0,"k":100,"ix":7},"sk":{"a":0,"k":0,"ix":4},"sa":{"a":0,"k":0,"ix":5},"nm":"Transform"}],"nm":"Group 11","np":2,"mn":"ADBE Vector Group"}],"ip":0,"op":28,"st":0,"bm":0,"sr":1},{"ddd":0,"ind":3,"ty":4,"nm":"Shipped Outlines","tt":2,"ks":{"o":{"a":0,"k":100},"r":{"a":0,"k":0},"p":{"a":0,"k":[25,25,0]},"a":{"a":0,"k":[25,25,0]},"s":{"a":0,"k":[100,100,100]}},"ao":0,"ef":[{"ty":5,"nm":"Change to Color","mn":"ADBE Change To Color","ix":1,"en":1,"ef":[{"ty":2,"nm":"From","mn":"ADBE Change To Color-0001","ix":1,"v":{"a":0,"k":[0,0,0,1]}},{"ty":2,"nm":"To","mn":"ADBE Change To Color-0002","ix":2,"v":{"a":0,"k":[0,0.55,0.54,1]}},{"ty":7,"nm":"Change","mn":"ADBE Change To Color-0003","ix":3,"v":{"a":0,"k":4}},{"ty":7,"nm":"Change By","mn":"ADBE Change To Color-0004","ix":4,"v":{"a":0,"k":1}},{"ty":6,"nm":"Tolerance","mn":"ADBE Change To Color-0010","ix":5,"v":0},{"ty":0,"nm":"Hue","mn":"ADBE Change To Color-0005","ix":6,"v":{"a":0,"k":0.1}},{"ty":0,"nm":"Lightness","mn":"ADBE Change To Color-0006","ix":7,"v":{"a":0,"k":1}},{"ty":0,"nm":"Saturation","mn":"ADBE Change To Color-0007","ix":8,"v":{"a":0,"k":1}},{"ty":6,"nm":"Saturation","mn":"ADBE Change To Color-0011","ix":9,"v":0},{"ty":0,"nm":"Softness","mn":"ADBE Change To Color-0008","ix":10,"v":{"a":0,"k":0.5}},{"ty":7,"nm":"View Correction Matte","mn":"ADBE Change To Color-0009","ix":11,"v":{"a":0,"k":0}}]}],"shapes":[{"ty":"gr","it":[{"ind":0,"ty":"sh","ks":{"a":0,"k":{"i":[[0,0],[0,0],[0,0],[1,0],[0,0],[0,-1],[0,0],[-1.1,0],[0,0]],"o":[[0,0],[0,0],[0,-1],[0,0],[-1,0],[0,0],[0,1.1],[0,0],[0,0]],"v":[[2.5,15],[14.5,15],[14.5,-13.1],[12.6,-15],[-12.7,-15],[-14.5,-13.2],[-14.5,13],[-12.5,15],[-7.5,15]],"c":false}},"nm":"Path 1","mn":"ADBE Vector Shape - Group"},{"ty":"st","c":{"a":0,"k":[0,0,0,1]},"o":{"a":0,"k":100},"w":{"a":0,"k":2},"lc":1,"lj":1,"ml":10,"nm":"Stroke 1","mn":"ADBE Vector Graphic - Stroke"},{"ty":"tr","p":{"a":0,"k":[15.5,24],"ix":2},"a":{"a":0,"k":[0,0],"ix":1},"s":{"a":0,"k":[100,100],"ix":3},"r":{"a":0,"k":0,"ix":6},"o":{"a":0,"k":100,"ix":7},"sk":{"a":0,"k":0,"ix":4},"sa":{"a":0,"k":0,"ix":5},"nm":"Transform"}],"nm":"Group 6","np":2,"mn":"ADBE Vector Group"},{"ty":"gr","it":[{"ind":0,"ty":"sh","ks":{"a":0,"k":{"i":[[0,0],[0,0],[0,1],[0,0]],"o":[[0,0],[-1,0],[0,0],[0,0]],"v":[[9.5,0.5],[-0.5,0.5],[-2.5,-1.5],[-2.5,-11.5]],"c":false}},"nm":"Path 1","mn":"ADBE Vector Shape - Group"},{"ind":1,"ty":"sh","ks":{"a":0,"k":{"i":[[0,0],[0,0],[0,1],[0,0],[0,0],[0,0],[1.4,0],[0,0],[0,-1],[0,0],[0,0]],"o":[[0,0],[1,0],[0,0],[0,-1.7],[0,0],[-0.8,-1],[0,0],[-1,0],[0,0],[0,0],[0,0]],"v":[[5.5,11.5],[7.5,11.5],[9.5,9.5],[9.5,-0.1],[8.1,-3.8],[4,-9.3],[0.5,-11.5],[-7.5,-11.5],[-9.5,-9.5],[-9.5,11.5],[-4.5,11.5]],"c":false}},"nm":"Path 2","mn":"ADBE Vector Shape - Group"},{"ty":"mm","mm":1,"nm":"Merge Paths 1","mn":"ADBE Vector Filter - Merge"},{"ty":"st","c":{"a":0,"k":[0,0,0,1]},"o":{"a":0,"k":100},"w":{"a":0,"k":2},"lc":1,"lj":1,"ml":10,"nm":"Stroke 1","mn":"ADBE Vector Graphic - Stroke"},{"ty":"tr","p":{"a":0,"k":[39.5,27.5],"ix":2},"a":{"a":0,"k":[0,0],"ix":1},"s":{"a":0,"k":[100,100],"ix":3},"r":{"a":0,"k":0,"ix":6},"o":{"a":0,"k":100,"ix":7},"sk":{"a":0,"k":0,"ix":4},"sa":{"a":0,"k":0,"ix":5},"nm":"Transform"}],"nm":"Group 7","np":4,"mn":"ADBE Vector Group"},{"ty":"gr","it":[{"ind":0,"ty":"sh","ks":{"a":0,"k":{"i":[[-2.761,0],[0,-2.761],[2.761,0],[0,2.761]],"o":[[2.761,0],[0,2.761],[-2.761,0],[0,-2.761]],"v":[[0,-5],[5,0],[0,5],[-5,0]],"c":true}},"nm":"Path 1","mn":"ADBE Vector Shape - Group"},{"ty":"st","c":{"a":0,"k":[0,0,0,1]},"o":{"a":0,"k":100},"w":{"a":0,"k":2},"lc":1,"lj":1,"ml":10,"nm":"Stroke 1","mn":"ADBE Vector Graphic - Stroke"},{"ty":"tr","p":{"a":0,"k":[40,39],"ix":2},"a":{"a":0,"k":[0,0],"ix":1},"s":{"a":0,"k":[100,100],"ix":3},"r":{"a":0,"k":0,"ix":6},"o":{"a":0,"k":100,"ix":7},"sk":{"a":0,"k":0,"ix":4},"sa":{"a":0,"k":0,"ix":5},"nm":"Transform"}],"nm":"Group 8","np":2,"mn":"ADBE Vector Group"},{"ty":"gr","it":[{"ind":0,"ty":"sh","ks":{"a":0,"k":{"i":[[-2.761,0],[0,-2.761],[2.761,0],[0,2.761]],"o":[[2.761,0],[0,2.761],[-2.761,0],[0,-2.761]],"v":[[0,-5],[5,0],[0,5],[-5,0]],"c":true}},"nm":"Path 1","mn":"ADBE Vector Shape - Group"},{"ty":"st","c":{"a":0,"k":[0,0,0,1]},"o":{"a":0,"k":100},"w":{"a":0,"k":2},"lc":1,"lj":1,"ml":10,"nm":"Stroke 1","mn":"ADBE Vector Graphic - Stroke"},{"ty":"tr","p":{"a":0,"k":[13,39],"ix":2},"a":{"a":0,"k":[0,0],"ix":1},"s":{"a":0,"k":[100,100],"ix":3},"r":{"a":0,"k":0,"ix":6},"o":{"a":0,"k":100,"ix":7},"sk":{"a":0,"k":0,"ix":4},"sa":{"a":0,"k":0,"ix":5},"nm":"Transform"}],"nm":"Group 9","np":2,"mn":"ADBE Vector Group"}],"ip":0,"op":28,"st":0,"bm":0,"sr":1}]}
