{"v":"4.5.5","fr":24,"ip":0,"op":28,"w":50,"h":50,"ddd":0,"assets":[{"id":"comp_0","layers":[{"ddd":0,"ind":0,"ty":4,"nm":"Happy (1) Outlines","ks":{"o":{"a":0,"k":100},"r":{"a":0,"k":0},"p":{"a":0,"k":[25,25,0]},"a":{"a":0,"k":[25,25,0]},"s":{"a":0,"k":[100,100,100]}},"ao":0,"ef":[{"ty":5,"nm":"Change to Color","mn":"ADBE Change To Color","ix":1,"en":1,"ef":[{"ty":2,"nm":"From","mn":"ADBE Change To Color-0001","ix":1,"v":{"a":0,"k":[0,0,0,1]}},{"ty":2,"nm":"To","mn":"ADBE Change To Color-0002","ix":2,"v":{"a":0,"k":[0,0.55,0.54,1]}},{"ty":7,"nm":"Change","mn":"ADBE Change To Color-0003","ix":3,"v":{"a":0,"k":4}},{"ty":7,"nm":"Change By","mn":"ADBE Change To Color-0004","ix":4,"v":{"a":0,"k":1}},{"ty":6,"nm":"Tolerance","mn":"ADBE Change To Color-0010","ix":5,"v":0},{"ty":0,"nm":"Hue","mn":"ADBE Change To Color-0005","ix":6,"v":{"a":0,"k":0.1}},{"ty":0,"nm":"Lightness","mn":"ADBE Change To Color-0006","ix":7,"v":{"a":0,"k":1}},{"ty":0,"nm":"Saturation","mn":"ADBE Change To Color-0007","ix":8,"v":{"a":0,"k":1}},{"ty":6,"nm":"Saturation","mn":"ADBE Change To Color-0011","ix":9,"v":0},{"ty":0,"nm":"Softness","mn":"ADBE Change To Color-0008","ix":10,"v":{"a":0,"k":0.5}},{"ty":7,"nm":"View Correction Matte","mn":"ADBE Change To Color-0009","ix":11,"v":{"a":0,"k":0}}]}],"shapes":[{"ty":"gr","it":[{"ind":0,"ty":"sh","ks":{"a":1,"k":[{"i":{"x":0.667,"y":1},"o":{"x":0.333,"y":0},"n":"0p667_1_0p333_0","t":3,"s":[{"i":[[0,0],[-8,0],[0,0]],"o":[[0,0],[8,0],[0,0]],"v":[[-13,-3.5],[0,3.5],[13,-3.5]],"c":false}],"e":[{"i":[[0,0],[-6,0],[0,0]],"o":[[0,0],[6,0],[0,0]],"v":[[-10,0.5],[0,-3.5],[10,0.5]],"c":false}]},{"t":11}]},"nm":"Path 1","mn":"ADBE Vector Shape - Group"},{"ty":"st","c":{"a":0,"k":[0,0,0,1]},"o":{"a":0,"k":100},"w":{"a":0,"k":2},"lc":2,"lj":2,"nm":"Stroke 1","mn":"ADBE Vector Graphic - Stroke"},{"ty":"tr","p":{"a":0,"k":[25,34.5],"ix":2},"a":{"a":0,"k":[0,0],"ix":1},"s":{"a":0,"k":[100,100],"ix":3},"r":{"a":0,"k":0,"ix":6},"o":{"a":0,"k":100,"ix":7},"sk":{"a":0,"k":0,"ix":4},"sa":{"a":0,"k":0,"ix":5},"nm":"Transform"}],"nm":"Group 3","np":2,"mn":"ADBE Vector Group"},{"ty":"gr","it":[{"ind":0,"ty":"sh","ks":{"a":0,"k":{"i":[[12.703,0],[0,-12.703],[-12.703,0],[0,12.703]],"o":[[-12.703,0],[0,12.703],[12.703,0],[0,-12.703]],"v":[[0,-23],[-23,0],[0,23],[23,0]],"c":true}},"nm":"Path 1","mn":"ADBE Vector Shape - Group"},{"ty":"st","c":{"a":0,"k":[0,0,0,1]},"o":{"a":0,"k":100},"w":{"a":0,"k":2},"lc":2,"lj":2,"nm":"Stroke 1","mn":"ADBE Vector Graphic - Stroke"},{"ty":"tr","p":{"a":0,"k":[25,25],"ix":2},"a":{"a":0,"k":[0,0],"ix":1},"s":{"a":0,"k":[100,100],"ix":3},"r":{"a":0,"k":0,"ix":6},"o":{"a":0,"k":100,"ix":7},"sk":{"a":0,"k":0,"ix":4},"sa":{"a":0,"k":0,"ix":5},"nm":"Transform"}],"nm":"Group 4","np":2,"mn":"ADBE Vector Group"}],"ip":0,"op":14,"st":0,"bm":0,"sr":1}]},{"id":"comp_1","layers":[{"ddd":0,"ind":0,"ty":4,"nm":"Happy (1) Outlines","ks":{"o":{"a":0,"k":100},"r":{"a":0,"k":0},"p":{"a":0,"k":[25,25,0]},"a":{"a":0,"k":[25,25,0]},"s":{"a":0,"k":[100,100,100]}},"ao":0,"ef":[{"ty":5,"nm":"Change to Color","mn":"ADBE Change To Color","ix":1,"en":1,"ef":[{"ty":2,"nm":"From","mn":"ADBE Change To Color-0001","ix":1,"v":{"a":0,"k":[0,0,0,1]}},{"ty":2,"nm":"To","mn":"ADBE Change To Color-0002","ix":2,"v":{"a":0,"k":[0,0.55,0.54,1]}},{"ty":7,"nm":"Change","mn":"ADBE Change To Color-0003","ix":3,"v":{"a":0,"k":4}},{"ty":7,"nm":"Change By","mn":"ADBE Change To Color-0004","ix":4,"v":{"a":0,"k":1}},{"ty":6,"nm":"Tolerance","mn":"ADBE Change To Color-0010","ix":5,"v":0},{"ty":0,"nm":"Hue","mn":"ADBE Change To Color-0005","ix":6,"v":{"a":0,"k":0.1}},{"ty":0,"nm":"Lightness","mn":"ADBE Change To Color-0006","ix":7,"v":{"a":0,"k":1}},{"ty":0,"nm":"Saturation","mn":"ADBE Change To Color-0007","ix":8,"v":{"a":0,"k":1}},{"ty":6,"nm":"Saturation","mn":"ADBE Change To Color-0011","ix":9,"v":0},{"ty":0,"nm":"Softness","mn":"ADBE Change To Color-0008","ix":10,"v":{"a":0,"k":0.5}},{"ty":7,"nm":"View Correction Matte","mn":"ADBE Change To Color-0009","ix":11,"v":{"a":0,"k":0}}]}],"shapes":[{"ty":"gr","it":[{"ind":0,"ty":"sh","ks":{"a":1,"k":[{"i":{"x":0.833,"y":1},"o":{"x":0.167,"y":0},"n":"0p833_1_0p167_0","t":3,"s":[{"i":[[0,0],[-6,0],[0,0]],"o":[[0,0],[6,0],[0,0]],"v":[[-10,0.5],[0,-3.5],[10,0.5]],"c":false}],"e":[{"i":[[0,0],[-8,0],[0,0]],"o":[[0,0],[8,0],[0,0]],"v":[[-13,-3.5],[0,3.5],[13,-3.5]],"c":false}]},{"t":11}]},"nm":"Path 1","mn":"ADBE Vector Shape - Group"},{"ty":"st","c":{"a":0,"k":[0,0,0,1]},"o":{"a":0,"k":100},"w":{"a":0,"k":2},"lc":2,"lj":2,"nm":"Stroke 1","mn":"ADBE Vector Graphic - Stroke"},{"ty":"tr","p":{"a":0,"k":[25,34.5],"ix":2},"a":{"a":0,"k":[0,0],"ix":1},"s":{"a":0,"k":[100,100],"ix":3},"r":{"a":0,"k":0,"ix":6},"o":{"a":0,"k":100,"ix":7},"sk":{"a":0,"k":0,"ix":4},"sa":{"a":0,"k":0,"ix":5},"nm":"Transform"}],"nm":"Group 3","np":2,"mn":"ADBE Vector Group"},{"ty":"gr","it":[{"ind":0,"ty":"sh","ks":{"a":0,"k":{"i":[[12.703,0],[0,-12.703],[-12.703,0],[0,12.703]],"o":[[-12.703,0],[0,12.703],[12.703,0],[0,-12.703]],"v":[[0,-23],[-23,0],[0,23],[23,0]],"c":true}},"nm":"Path 1","mn":"ADBE Vector Shape - Group"},{"ty":"st","c":{"a":0,"k":[0,0,0,1]},"o":{"a":0,"k":100},"w":{"a":0,"k":2},"lc":2,"lj":2,"nm":"Stroke 1","mn":"ADBE Vector Graphic - Stroke"},{"ty":"tr","p":{"a":0,"k":[25,25],"ix":2},"a":{"a":0,"k":[0,0],"ix":1},"s":{"a":0,"k":[100,100],"ix":3},"r":{"a":0,"k":0,"ix":6},"o":{"a":0,"k":100,"ix":7},"sk":{"a":0,"k":0,"ix":4},"sa":{"a":0,"k":0,"ix":5},"nm":"Transform"}],"nm":"Group 4","np":2,"mn":"ADBE Vector Group"}],"ip":0,"op":14,"st":0,"bm":0,"sr":1}]}],"layers":[{"ddd":0,"ind":0,"ty":4,"nm":"eyes Outlines","ks":{"o":{"a":0,"k":100},"r":{"a":0,"k":0},"p":{"a":0,"k":[25,25,0]},"a":{"a":0,"k":[25,25,0]},"s":{"a":0,"k":[100,100,100]}},"ao":0,"ef":[{"ty":5,"nm":"Change to Color","mn":"ADBE Change To Color","ix":1,"en":1,"ef":[{"ty":2,"nm":"From","mn":"ADBE Change To Color-0001","ix":1,"v":{"a":0,"k":[0,0,0,1]}},{"ty":2,"nm":"To","mn":"ADBE Change To Color-0002","ix":2,"v":{"a":0,"k":[0,0.55,0.54,1]}},{"ty":7,"nm":"Change","mn":"ADBE Change To Color-0003","ix":3,"v":{"a":0,"k":4}},{"ty":7,"nm":"Change By","mn":"ADBE Change To Color-0004","ix":4,"v":{"a":0,"k":1}},{"ty":6,"nm":"Tolerance","mn":"ADBE Change To Color-0010","ix":5,"v":0},{"ty":0,"nm":"Hue","mn":"ADBE Change To Color-0005","ix":6,"v":{"a":0,"k":0.1}},{"ty":0,"nm":"Lightness","mn":"ADBE Change To Color-0006","ix":7,"v":{"a":0,"k":1}},{"ty":0,"nm":"Saturation","mn":"ADBE Change To Color-0007","ix":8,"v":{"a":0,"k":1}},{"ty":6,"nm":"Saturation","mn":"ADBE Change To Color-0011","ix":9,"v":0},{"ty":0,"nm":"Softness","mn":"ADBE Change To Color-0008","ix":10,"v":{"a":0,"k":0.5}},{"ty":7,"nm":"View Correction Matte","mn":"ADBE Change To Color-0009","ix":11,"v":{"a":0,"k":0}}]}],"shapes":[{"ty":"gr","it":[{"ind":0,"ty":"sh","ks":{"a":0,"k":{"i":[[-1.105,0],[0,-1.105],[1.105,0],[0,1.105]],"o":[[1.105,0],[0,1.105],[-1.105,0],[0,-1.105]],"v":[[0,-2],[2,0],[0,2],[-2,0]],"c":true}},"nm":"Path 1","mn":"ADBE Vector Shape - Group"},{"ty":"fl","c":{"a":0,"k":[0,0,0,1]},"o":{"a":0,"k":100},"nm":"Fill 1","mn":"ADBE Vector Graphic - Fill"},{"ty":"tr","p":{"a":0,"k":[17,22],"ix":2},"a":{"a":0,"k":[0,0],"ix":1},"s":{"a":0,"k":[100,100],"ix":3},"r":{"a":0,"k":0,"ix":6},"o":{"a":0,"k":100,"ix":7},"sk":{"a":0,"k":0,"ix":4},"sa":{"a":0,"k":0,"ix":5},"nm":"Transform"}],"nm":"Group 1","np":2,"mn":"ADBE Vector Group"},{"ty":"gr","it":[{"ind":0,"ty":"sh","ks":{"a":0,"k":{"i":[[-1.105,0],[0,-1.105],[1.105,0],[0,1.105]],"o":[[1.105,0],[0,1.105],[-1.105,0],[0,-1.105]],"v":[[0,-2],[2,0],[0,2],[-2,0]],"c":true}},"nm":"Path 1","mn":"ADBE Vector Shape - Group"},{"ty":"fl","c":{"a":0,"k":[0,0,0,1]},"o":{"a":0,"k":100},"nm":"Fill 1","mn":"ADBE Vector Graphic - Fill"},{"ty":"tr","p":{"a":0,"k":[33,22],"ix":2},"a":{"a":0,"k":[0,0],"ix":1},"s":{"a":0,"k":[100,100],"ix":3},"r":{"a":0,"k":0,"ix":6},"o":{"a":0,"k":100,"ix":7},"sk":{"a":0,"k":0,"ix":4},"sa":{"a":0,"k":0,"ix":5},"nm":"Transform"}],"nm":"Group 2","np":2,"mn":"ADBE Vector Group"}],"ip":0,"op":28,"st":0,"bm":0,"sr":1},{"ddd":0,"ind":1,"ty":0,"nm":"Comp 1","refId":"comp_0","ks":{"o":{"a":0,"k":100},"r":{"a":0,"k":0},"p":{"a":0,"k":[25,25,0]},"a":{"a":0,"k":[25,25,0]},"s":{"a":0,"k":[100,100,100]}},"ao":0,"w":50,"h":50,"ip":0,"op":14,"st":0,"bm":0,"sr":1},{"ddd":0,"ind":2,"ty":0,"nm":"Comp 1","refId":"comp_1","ks":{"o":{"a":0,"k":100},"r":{"a":0,"k":0},"p":{"a":0,"k":[25,25,0]},"a":{"a":0,"k":[25,25,0]},"s":{"a":0,"k":[100,100,100]}},"ao":0,"w":50,"h":50,"ip":14,"op":28,"st":14,"bm":0,"sr":1}]}
