{"v":"4.5.5","fr":24,"ip":0,"op":28,"w":50,"h":50,"ddd":0,"assets":[],"layers":[{"ddd":0,"ind":0,"ty":4,"nm":"Switch On Filled Outlines 2","ks":{"o":{"a":0,"k":100},"r":{"a":0,"k":0},"p":{"a":1,"k":[{"i":{"x":0.35,"y":1},"o":{"x":0.669,"y":0},"n":"0p35_1_0p669_0","t":4,"s":[25,25,0],"e":[2,25,0],"to":[-3.83333325386047,0,0],"ti":[3.83333325386047,0,0]},{"i":{"x":0.35,"y":0.35},"o":{"x":0.333,"y":0.333},"n":"0p35_0p35_0p333_0p333","t":10,"s":[2,25,0],"e":[2,25,0],"to":[0,0,0],"ti":[0,0,0]},{"i":{"x":0.667,"y":1},"o":{"x":0.333,"y":0},"n":"0p667_1_0p333_0","t":18,"s":[2,25,0],"e":[25,25,0],"to":[3.83333325386047,0,0],"ti":[-3.83333325386047,0,0]},{"t":24}]},"a":{"a":0,"k":[25,25,0]},"s":{"a":0,"k":[100,100,100]}},"ao":0,"ef":[{"ty":5,"nm":"Change to Color","mn":"ADBE Change To Color","ix":1,"en":1,"ef":[{"ty":2,"nm":"From","mn":"ADBE Change To Color-0001","ix":1,"v":{"a":0,"k":[0,0,0,1]}},{"ty":2,"nm":"To","mn":"ADBE Change To Color-0002","ix":2,"v":{"a":0,"k":[0,0.55,0.54,1]}},{"ty":7,"nm":"Change","mn":"ADBE Change To Color-0003","ix":3,"v":{"a":0,"k":4}},{"ty":7,"nm":"Change By","mn":"ADBE Change To Color-0004","ix":4,"v":{"a":0,"k":1}},{"ty":6,"nm":"Tolerance","mn":"ADBE Change To Color-0010","ix":5,"v":0},{"ty":0,"nm":"Hue","mn":"ADBE Change To Color-0005","ix":6,"v":{"a":0,"k":0.1}},{"ty":0,"nm":"Lightness","mn":"ADBE Change To Color-0006","ix":7,"v":{"a":0,"k":1}},{"ty":0,"nm":"Saturation","mn":"ADBE Change To Color-0007","ix":8,"v":{"a":0,"k":1}},{"ty":6,"nm":"Saturation","mn":"ADBE Change To Color-0011","ix":9,"v":0},{"ty":0,"nm":"Softness","mn":"ADBE Change To Color-0008","ix":10,"v":{"a":0,"k":0.5}},{"ty":7,"nm":"View Correction Matte","mn":"ADBE Change To Color-0009","ix":11,"v":{"a":0,"k":0}}]}],"shapes":[{"ty":"gr","it":[{"ind":0,"ty":"sh","ks":{"a":1,"k":[{"i":{"x":0.833,"y":0.833},"o":{"x":0.167,"y":0.167},"n":"0p833_0p833_0p167_0p167","t":3,"s":[{"i":[[-1.105,0],[0,0],[0,1.105],[0,0],[1.105,0],[0,0],[0,-1.105],[0,0]],"o":[[0,0],[1.105,0],[0,0],[0,-1.105],[0,0],[-1.105,0],[0,0],[0,1.105]],"v":[[-10.5,13],[10.5,13],[12.5,11],[12.5,-11],[10.5,-13],[-10.5,-13],[-12.5,-11],[-12.5,11]],"c":true}],"e":[{"i":[[-1.105,0],[0,0],[0,1.105],[0,0],[1.105,0],[0,0],[0,-1.105],[0,0]],"o":[[0,0],[1.105,0],[0,0],[0,-1.105],[0,0],[-1.105,0],[0,0],[0,1.105]],"v":[[-7.75,13],[10.5,13],[12.5,11],[12.5,-11],[10.5,-13],[-7.75,-13],[-9.75,-11],[-9.75,11]],"c":true}]},{"i":{"x":0.833,"y":0.833},"o":{"x":0.167,"y":0.167},"n":"0p833_0p833_0p167_0p167","t":5,"s":[{"i":[[-1.105,0],[0,0],[0,1.105],[0,0],[1.105,0],[0,0],[0,-1.105],[0,0]],"o":[[0,0],[1.105,0],[0,0],[0,-1.105],[0,0],[-1.105,0],[0,0],[0,1.105]],"v":[[-7.75,13],[10.5,13],[12.5,11],[12.5,-11],[10.5,-13],[-7.75,-13],[-9.75,-11],[-9.75,11]],"c":true}],"e":[{"i":[[-1.105,0],[0,0],[0,1.105],[0,0],[1.105,0],[0,0],[0,-1.105],[0,0]],"o":[[0,0],[1.105,0],[0,0],[0,-1.105],[0,0],[-1.105,0],[0,0],[0,1.105]],"v":[[-10.5,13],[10.5,13],[12.5,11],[12.5,-11],[10.5,-13],[-10.5,-13],[-12.5,-11],[-12.5,11]],"c":true}]},{"i":{"x":0.833,"y":0.833},"o":{"x":0.167,"y":0.167},"n":"0p833_0p833_0p167_0p167","t":7,"s":[{"i":[[-1.105,0],[0,0],[0,1.105],[0,0],[1.105,0],[0,0],[0,-1.105],[0,0]],"o":[[0,0],[1.105,0],[0,0],[0,-1.105],[0,0],[-1.105,0],[0,0],[0,1.105]],"v":[[-10.5,13],[10.5,13],[12.5,11],[12.5,-11],[10.5,-13],[-10.5,-13],[-12.5,-11],[-12.5,11]],"c":true}],"e":[{"i":[[-1.105,0],[0,0],[0,1.105],[0,0],[1.105,0],[0,0],[0,-1.105],[0,0]],"o":[[0,0],[1.105,0],[0,0],[0,-1.105],[0,0],[-1.105,0],[0,0],[0,1.105]],"v":[[-10.717,13],[8.583,13],[10.583,11],[10.583,-11],[8.583,-13],[-10.717,-13],[-12.717,-11],[-12.717,11]],"c":true}]},{"i":{"x":0.833,"y":0.833},"o":{"x":0.167,"y":0.167},"n":"0p833_0p833_0p167_0p167","t":9,"s":[{"i":[[-1.105,0],[0,0],[0,1.105],[0,0],[1.105,0],[0,0],[0,-1.105],[0,0]],"o":[[0,0],[1.105,0],[0,0],[0,-1.105],[0,0],[-1.105,0],[0,0],[0,1.105]],"v":[[-10.717,13],[8.583,13],[10.583,11],[10.583,-11],[8.583,-13],[-10.717,-13],[-12.717,-11],[-12.717,11]],"c":true}],"e":[{"i":[[-1.105,0],[0,0],[0,1.105],[0,0],[1.105,0],[0,0],[0,-1.105],[0,0]],"o":[[0,0],[1.105,0],[0,0],[0,-1.105],[0,0],[-1.105,0],[0,0],[0,1.105]],"v":[[-10.5,13],[10.5,13],[12.5,11],[12.5,-11],[10.5,-13],[-10.5,-13],[-12.5,-11],[-12.5,11]],"c":true}]},{"i":{"x":0.833,"y":0.833},"o":{"x":0.167,"y":0.167},"n":"0p833_0p833_0p167_0p167","t":11,"s":[{"i":[[-1.105,0],[0,0],[0,1.105],[0,0],[1.105,0],[0,0],[0,-1.105],[0,0]],"o":[[0,0],[1.105,0],[0,0],[0,-1.105],[0,0],[-1.105,0],[0,0],[0,1.105]],"v":[[-10.5,13],[10.5,13],[12.5,11],[12.5,-11],[10.5,-13],[-10.5,-13],[-12.5,-11],[-12.5,11]],"c":true}],"e":[{"i":[[-1.105,0],[0,0],[0,1.105],[0,0],[1.105,0],[0,0],[0,-1.105],[0,0]],"o":[[0,0],[1.105,0],[0,0],[0,-1.105],[0,0],[-1.105,0],[0,0],[0,1.105]],"v":[[-10.5,13],[10.5,13],[12.5,11],[12.5,-11],[10.5,-13],[-10.5,-13],[-12.5,-11],[-12.5,11]],"c":true}]},{"i":{"x":0.833,"y":0.833},"o":{"x":0.167,"y":0.167},"n":"0p833_0p833_0p167_0p167","t":17,"s":[{"i":[[-1.105,0],[0,0],[0,1.105],[0,0],[1.105,0],[0,0],[0,-1.105],[0,0]],"o":[[0,0],[1.105,0],[0,0],[0,-1.105],[0,0],[-1.105,0],[0,0],[0,1.105]],"v":[[-10.5,13],[10.5,13],[12.5,11],[12.5,-11],[10.5,-13],[-10.5,-13],[-12.5,-11],[-12.5,11]],"c":true}],"e":[{"i":[[-1.105,0],[0,0],[0,1.105],[0,0],[1.105,0],[0,0],[0,-1.105],[0,0]],"o":[[0,0],[1.105,0],[0,0],[0,-1.105],[0,0],[-1.105,0],[0,0],[0,1.105]],"v":[[-10.717,13],[8.583,13],[10.583,11],[10.583,-11],[8.583,-13],[-10.717,-13],[-12.717,-11],[-12.717,11]],"c":true}]},{"i":{"x":0.833,"y":0.833},"o":{"x":0.167,"y":0.167},"n":"0p833_0p833_0p167_0p167","t":19,"s":[{"i":[[-1.105,0],[0,0],[0,1.105],[0,0],[1.105,0],[0,0],[0,-1.105],[0,0]],"o":[[0,0],[1.105,0],[0,0],[0,-1.105],[0,0],[-1.105,0],[0,0],[0,1.105]],"v":[[-10.717,13],[8.583,13],[10.583,11],[10.583,-11],[8.583,-13],[-10.717,-13],[-12.717,-11],[-12.717,11]],"c":true}],"e":[{"i":[[-1.105,0],[0,0],[0,1.105],[0,0],[1.105,0],[0,0],[0,-1.105],[0,0]],"o":[[0,0],[1.105,0],[0,0],[0,-1.105],[0,0],[-1.105,0],[0,0],[0,1.105]],"v":[[-10.5,13],[10.5,13],[12.5,11],[12.5,-11],[10.5,-13],[-10.5,-13],[-12.5,-11],[-12.5,11]],"c":true}]},{"i":{"x":0.833,"y":0.833},"o":{"x":0.167,"y":0.167},"n":"0p833_0p833_0p167_0p167","t":21,"s":[{"i":[[-1.105,0],[0,0],[0,1.105],[0,0],[1.105,0],[0,0],[0,-1.105],[0,0]],"o":[[0,0],[1.105,0],[0,0],[0,-1.105],[0,0],[-1.105,0],[0,0],[0,1.105]],"v":[[-10.5,13],[10.5,13],[12.5,11],[12.5,-11],[10.5,-13],[-10.5,-13],[-12.5,-11],[-12.5,11]],"c":true}],"e":[{"i":[[-1.105,0],[0,0],[0,1.105],[0,0],[1.105,0],[0,0],[0,-1.105],[0,0]],"o":[[0,0],[1.105,0],[0,0],[0,-1.105],[0,0],[-1.105,0],[0,0],[0,1.105]],"v":[[-7.75,13],[10.5,13],[12.5,11],[12.5,-11],[10.5,-13],[-7.75,-13],[-9.75,-11],[-9.75,11]],"c":true}]},{"i":{"x":0.833,"y":0.833},"o":{"x":0.167,"y":0.167},"n":"0p833_0p833_0p167_0p167","t":23,"s":[{"i":[[-1.105,0],[0,0],[0,1.105],[0,0],[1.105,0],[0,0],[0,-1.105],[0,0]],"o":[[0,0],[1.105,0],[0,0],[0,-1.105],[0,0],[-1.105,0],[0,0],[0,1.105]],"v":[[-7.75,13],[10.5,13],[12.5,11],[12.5,-11],[10.5,-13],[-7.75,-13],[-9.75,-11],[-9.75,11]],"c":true}],"e":[{"i":[[-1.105,0],[0,0],[0,1.105],[0,0],[1.105,0],[0,0],[0,-1.105],[0,0]],"o":[[0,0],[1.105,0],[0,0],[0,-1.105],[0,0],[-1.105,0],[0,0],[0,1.105]],"v":[[-10.5,13],[10.5,13],[12.5,11],[12.5,-11],[10.5,-13],[-10.5,-13],[-12.5,-11],[-12.5,11]],"c":true}]},{"t":25}]},"nm":"Path 1","mn":"ADBE Vector Shape - Group"},{"ty":"st","c":{"a":0,"k":[0,0,0,1]},"o":{"a":0,"k":100},"w":{"a":0,"k":2},"lc":1,"lj":1,"ml":10,"nm":"Stroke 1","mn":"ADBE Vector Graphic - Stroke"},{"ty":"tr","p":{"a":0,"k":[36.5,25],"ix":2},"a":{"a":0,"k":[0,0],"ix":1},"s":{"a":0,"k":[100,100],"ix":3},"r":{"a":0,"k":0,"ix":6},"o":{"a":0,"k":100,"ix":7},"sk":{"a":0,"k":0,"ix":4},"sa":{"a":0,"k":0,"ix":5},"nm":"Transform"}],"nm":"Group 1","np":2,"mn":"ADBE Vector Group"}],"ip":0,"op":28,"st":0,"bm":0,"sr":1},{"ddd":0,"ind":1,"ty":4,"nm":"Switch On Filled Outlines 3","ks":{"o":{"a":0,"k":100},"r":{"a":0,"k":0},"p":{"a":0,"k":[25,25,0]},"a":{"a":0,"k":[25,25,0]},"s":{"a":0,"k":[100,100,100]}},"ao":0,"ef":[{"ty":5,"nm":"Change to Color","mn":"ADBE Change To Color","ix":1,"en":1,"ef":[{"ty":2,"nm":"From","mn":"ADBE Change To Color-0001","ix":1,"v":{"a":0,"k":[0,0,0,1]}},{"ty":2,"nm":"To","mn":"ADBE Change To Color-0002","ix":2,"v":{"a":0,"k":[0,0.55,0.54,1]}},{"ty":7,"nm":"Change","mn":"ADBE Change To Color-0003","ix":3,"v":{"a":0,"k":4}},{"ty":7,"nm":"Change By","mn":"ADBE Change To Color-0004","ix":4,"v":{"a":0,"k":1}},{"ty":6,"nm":"Tolerance","mn":"ADBE Change To Color-0010","ix":5,"v":0},{"ty":0,"nm":"Hue","mn":"ADBE Change To Color-0005","ix":6,"v":{"a":0,"k":0.1}},{"ty":0,"nm":"Lightness","mn":"ADBE Change To Color-0006","ix":7,"v":{"a":0,"k":1}},{"ty":0,"nm":"Saturation","mn":"ADBE Change To Color-0007","ix":8,"v":{"a":0,"k":1}},{"ty":6,"nm":"Saturation","mn":"ADBE Change To Color-0011","ix":9,"v":0},{"ty":0,"nm":"Softness","mn":"ADBE Change To Color-0008","ix":10,"v":{"a":0,"k":0.5}},{"ty":7,"nm":"View Correction Matte","mn":"ADBE Change To Color-0009","ix":11,"v":{"a":0,"k":0}}]}],"shapes":[{"ty":"gr","it":[{"ind":0,"ty":"sh","ks":{"a":0,"k":{"i":[[1.105,0],[0,0],[0,1.105],[0,0],[-1.105,0],[0,0],[0,-1.105],[0,0]],"o":[[0,0],[-1.105,0],[0,0],[0,-1.105],[0,0],[1.105,0],[0,0],[0,1.105]],"v":[[22,13],[-22,13],[-24,11],[-24,-11],[-22,-13],[22,-13],[24,-11],[24,11]],"c":true}},"nm":"Path 1","mn":"ADBE Vector Shape - Group"},{"ty":"st","c":{"a":0,"k":[0,0,0,1]},"o":{"a":0,"k":100},"w":{"a":0,"k":2},"lc":1,"lj":1,"ml":10,"nm":"Stroke 2","mn":"ADBE Vector Graphic - Stroke"},{"ty":"tr","p":{"a":0,"k":[25,25],"ix":2},"a":{"a":0,"k":[0,0],"ix":1},"s":{"a":0,"k":[100,100],"ix":3},"r":{"a":0,"k":0,"ix":6},"o":{"a":0,"k":100,"ix":7},"sk":{"a":0,"k":0,"ix":4},"sa":{"a":0,"k":0,"ix":5},"nm":"Transform"}],"nm":"Group 2","np":2,"mn":"ADBE Vector Group"}],"ip":0,"op":28,"st":0,"bm":0,"sr":1},{"ddd":0,"ind":2,"ty":4,"nm":"Switch On Filled Outlines 5","td":1,"ks":{"o":{"a":0,"k":100},"r":{"a":0,"k":0},"p":{"a":1,"k":[{"i":{"x":0.35,"y":1},"o":{"x":0.669,"y":0},"n":"0p35_1_0p669_0","t":4,"s":[25,25,0],"e":[2,25,0],"to":[-3.83333325386047,0,0],"ti":[3.83333325386047,0,0]},{"i":{"x":0.35,"y":0.35},"o":{"x":0.333,"y":0.333},"n":"0p35_0p35_0p333_0p333","t":10,"s":[2,25,0],"e":[2,25,0],"to":[0,0,0],"ti":[0,0,0]},{"i":{"x":0.667,"y":1},"o":{"x":0.333,"y":0},"n":"0p667_1_0p333_0","t":18,"s":[2,25,0],"e":[25,25,0],"to":[3.83333325386047,0,0],"ti":[-3.83333325386047,0,0]},{"t":24}]},"a":{"a":0,"k":[25,25,0]},"s":{"a":0,"k":[100,100,100]}},"ao":0,"ef":[{"ty":5,"nm":"Change to Color","mn":"ADBE Change To Color","ix":1,"en":1,"ef":[{"ty":2,"nm":"From","mn":"ADBE Change To Color-0001","ix":1,"v":{"a":0,"k":[0,0,0,1]}},{"ty":2,"nm":"To","mn":"ADBE Change To Color-0002","ix":2,"v":{"a":0,"k":[0,0.55,0.54,1]}},{"ty":7,"nm":"Change","mn":"ADBE Change To Color-0003","ix":3,"v":{"a":0,"k":4}},{"ty":7,"nm":"Change By","mn":"ADBE Change To Color-0004","ix":4,"v":{"a":0,"k":1}},{"ty":6,"nm":"Tolerance","mn":"ADBE Change To Color-0010","ix":5,"v":0},{"ty":0,"nm":"Hue","mn":"ADBE Change To Color-0005","ix":6,"v":{"a":0,"k":0.1}},{"ty":0,"nm":"Lightness","mn":"ADBE Change To Color-0006","ix":7,"v":{"a":0,"k":1}},{"ty":0,"nm":"Saturation","mn":"ADBE Change To Color-0007","ix":8,"v":{"a":0,"k":1}},{"ty":6,"nm":"Saturation","mn":"ADBE Change To Color-0011","ix":9,"v":0},{"ty":0,"nm":"Softness","mn":"ADBE Change To Color-0008","ix":10,"v":{"a":0,"k":0.5}},{"ty":7,"nm":"View Correction Matte","mn":"ADBE Change To Color-0009","ix":11,"v":{"a":0,"k":0}}]}],"shapes":[{"ty":"gr","it":[{"ind":0,"ty":"sh","ks":{"a":1,"k":[{"i":{"x":0.833,"y":0.833},"o":{"x":0.167,"y":0.167},"n":"0p833_0p833_0p167_0p167","t":3,"s":[{"i":[[-1.105,0],[0,0],[0,1.105],[0,0],[1.105,0],[0,0],[0,-1.105],[0,0]],"o":[[0,0],[1.105,0],[0,0],[0,-1.105],[0,0],[-1.105,0],[0,0],[0,1.105]],"v":[[-10.5,13],[10.5,13],[12.5,11],[12.5,-11],[10.5,-13],[-10.5,-13],[-12.5,-11],[-12.5,11]],"c":true}],"e":[{"i":[[-1.105,0],[0,0],[0,1.105],[0,0],[1.105,0],[0,0],[0,-1.105],[0,0]],"o":[[0,0],[1.105,0],[0,0],[0,-1.105],[0,0],[-1.105,0],[0,0],[0,1.105]],"v":[[-8.477,13],[12.5,13],[14.5,11],[14.5,-11],[12.5,-13],[-8.477,-13],[-10.477,-11],[-10.477,11]],"c":true}]},{"i":{"x":0.833,"y":0.833},"o":{"x":0.167,"y":0.167},"n":"0p833_0p833_0p167_0p167","t":4,"s":[{"i":[[-1.105,0],[0,0],[0,1.105],[0,0],[1.105,0],[0,0],[0,-1.105],[0,0]],"o":[[0,0],[1.105,0],[0,0],[0,-1.105],[0,0],[-1.105,0],[0,0],[0,1.105]],"v":[[-8.477,13],[12.5,13],[14.5,11],[14.5,-11],[12.5,-13],[-8.477,-13],[-10.477,-11],[-10.477,11]],"c":true}],"e":[{"i":[[-1.105,0],[0,0],[0,1.105],[0,0],[1.105,0],[0,0],[0,-1.105],[0,0]],"o":[[0,0],[1.105,0],[0,0],[0,-1.105],[0,0],[-1.105,0],[0,0],[0,1.105]],"v":[[-6.984,13],[14.5,13],[16.5,11],[16.5,-11],[14.5,-13],[-6.984,-13],[-8.984,-11],[-8.984,11]],"c":true}]},{"i":{"x":0.833,"y":0.833},"o":{"x":0.167,"y":0.167},"n":"0p833_0p833_0p167_0p167","t":5,"s":[{"i":[[-1.105,0],[0,0],[0,1.105],[0,0],[1.105,0],[0,0],[0,-1.105],[0,0]],"o":[[0,0],[1.105,0],[0,0],[0,-1.105],[0,0],[-1.105,0],[0,0],[0,1.105]],"v":[[-6.984,13],[14.5,13],[16.5,11],[16.5,-11],[14.5,-13],[-6.984,-13],[-8.984,-11],[-8.984,11]],"c":true}],"e":[{"i":[[-1.105,0],[0,0],[0,1.105],[0,0],[1.105,0],[0,0],[0,-1.105],[0,0]],"o":[[0,0],[1.105,0],[0,0],[0,-1.105],[0,0],[-1.105,0],[0,0],[0,1.105]],"v":[[-10.453,13],[26.672,13],[28.672,11],[28.672,-11],[26.672,-13],[-10.453,-13],[-12.453,-11],[-12.453,11]],"c":true}]},{"i":{"x":0.833,"y":0.833},"o":{"x":0.167,"y":0.167},"n":"0p833_0p833_0p167_0p167","t":7,"s":[{"i":[[-1.105,0],[0,0],[0,1.105],[0,0],[1.105,0],[0,0],[0,-1.105],[0,0]],"o":[[0,0],[1.105,0],[0,0],[0,-1.105],[0,0],[-1.105,0],[0,0],[0,1.105]],"v":[[-10.453,13],[26.672,13],[28.672,11],[28.672,-11],[26.672,-13],[-10.453,-13],[-12.453,-11],[-12.453,11]],"c":true}],"e":[{"i":[[-1.105,0],[0,0],[0,1.105],[0,0],[1.105,0],[0,0],[0,-1.105],[0,0]],"o":[[0,0],[1.105,0],[0,0],[0,-1.105],[0,0],[-1.105,0],[0,0],[0,1.105]],"v":[[-10.022,13],[31.128,13],[33.128,11],[33.128,-11],[31.128,-13],[-10.022,-13],[-12.022,-11],[-12.022,11]],"c":true}]},{"i":{"x":0.833,"y":0.833},"o":{"x":0.167,"y":0.167},"n":"0p833_0p833_0p167_0p167","t":8,"s":[{"i":[[-1.105,0],[0,0],[0,1.105],[0,0],[1.105,0],[0,0],[0,-1.105],[0,0]],"o":[[0,0],[1.105,0],[0,0],[0,-1.105],[0,0],[-1.105,0],[0,0],[0,1.105]],"v":[[-10.022,13],[31.128,13],[33.128,11],[33.128,-11],[31.128,-13],[-10.022,-13],[-12.022,-11],[-12.022,11]],"c":true}],"e":[{"i":[[-1.105,0],[0,0],[0,1.105],[0,0],[1.105,0],[0,0],[0,-1.105],[0,0]],"o":[[0,0],[1.105,0],[0,0],[0,-1.105],[0,0],[-1.105,0],[0,0],[0,1.105]],"v":[[-10.717,13],[35.583,13],[37.583,11],[37.583,-11],[35.583,-13],[-10.717,-13],[-12.717,-11],[-12.717,11]],"c":true}]},{"i":{"x":0.833,"y":0.833},"o":{"x":0.167,"y":0.167},"n":"0p833_0p833_0p167_0p167","t":9,"s":[{"i":[[-1.105,0],[0,0],[0,1.105],[0,0],[1.105,0],[0,0],[0,-1.105],[0,0]],"o":[[0,0],[1.105,0],[0,0],[0,-1.105],[0,0],[-1.105,0],[0,0],[0,1.105]],"v":[[-10.717,13],[35.583,13],[37.583,11],[37.583,-11],[35.583,-13],[-10.717,-13],[-12.717,-11],[-12.717,11]],"c":true}],"e":[{"i":[[-1.105,0],[0,0],[0,1.105],[0,0],[1.105,0],[0,0],[0,-1.105],[0,0]],"o":[[0,0],[1.105,0],[0,0],[0,-1.105],[0,0],[-1.105,0],[0,0],[0,1.105]],"v":[[-10.5,13],[37.625,13],[39.625,11],[39.625,-11],[37.625,-13],[-10.5,-13],[-12.5,-11],[-12.5,11]],"c":true}]},{"i":{"x":0.833,"y":0.833},"o":{"x":0.167,"y":0.167},"n":"0p833_0p833_0p167_0p167","t":11,"s":[{"i":[[-1.105,0],[0,0],[0,1.105],[0,0],[1.105,0],[0,0],[0,-1.105],[0,0]],"o":[[0,0],[1.105,0],[0,0],[0,-1.105],[0,0],[-1.105,0],[0,0],[0,1.105]],"v":[[-10.5,13],[37.625,13],[39.625,11],[39.625,-11],[37.625,-13],[-10.5,-13],[-12.5,-11],[-12.5,11]],"c":true}],"e":[{"i":[[-1.105,0],[0,0],[0,1.105],[0,0],[1.105,0],[0,0],[0,-1.105],[0,0]],"o":[[0,0],[1.105,0],[0,0],[0,-1.105],[0,0],[-1.105,0],[0,0],[0,1.105]],"v":[[-10.5,13],[37.625,13],[39.625,11],[39.625,-11],[37.625,-13],[-10.5,-13],[-12.5,-11],[-12.5,11]],"c":true}]},{"i":{"x":0.833,"y":0.833},"o":{"x":0.167,"y":0.167},"n":"0p833_0p833_0p167_0p167","t":17,"s":[{"i":[[-1.105,0],[0,0],[0,1.105],[0,0],[1.105,0],[0,0],[0,-1.105],[0,0]],"o":[[0,0],[1.105,0],[0,0],[0,-1.105],[0,0],[-1.105,0],[0,0],[0,1.105]],"v":[[-10.5,13],[37.625,13],[39.625,11],[39.625,-11],[37.625,-13],[-10.5,-13],[-12.5,-11],[-12.5,11]],"c":true}],"e":[{"i":[[-1.105,0],[0,0],[0,1.105],[0,0],[1.105,0],[0,0],[0,-1.105],[0,0]],"o":[[0,0],[1.105,0],[0,0],[0,-1.105],[0,0],[-1.105,0],[0,0],[0,1.105]],"v":[[-10.717,13],[36.458,13],[38.458,11],[38.458,-11],[36.458,-13],[-10.717,-13],[-12.717,-11],[-12.717,11]],"c":true}]},{"i":{"x":0.833,"y":0.833},"o":{"x":0.167,"y":0.167},"n":"0p833_0p833_0p167_0p167","t":19,"s":[{"i":[[-1.105,0],[0,0],[0,1.105],[0,0],[1.105,0],[0,0],[0,-1.105],[0,0]],"o":[[0,0],[1.105,0],[0,0],[0,-1.105],[0,0],[-1.105,0],[0,0],[0,1.105]],"v":[[-10.717,13],[36.458,13],[38.458,11],[38.458,-11],[36.458,-13],[-10.717,-13],[-12.717,-11],[-12.717,11]],"c":true}],"e":[{"i":[[-1.105,0],[0,0],[0,1.105],[0,0],[1.105,0],[0,0],[0,-1.105],[0,0]],"o":[[0,0],[1.105,0],[0,0],[0,-1.105],[0,0],[-1.105,0],[0,0],[0,1.105]],"v":[[-9.953,13],[28.297,13],[30.297,11],[30.297,-11],[28.297,-13],[-9.953,-13],[-11.953,-11],[-11.953,11]],"c":true}]},{"i":{"x":0.833,"y":0.833},"o":{"x":0.167,"y":0.167},"n":"0p833_0p833_0p167_0p167","t":21,"s":[{"i":[[-1.105,0],[0,0],[0,1.105],[0,0],[1.105,0],[0,0],[0,-1.105],[0,0]],"o":[[0,0],[1.105,0],[0,0],[0,-1.105],[0,0],[-1.105,0],[0,0],[0,1.105]],"v":[[-9.953,13],[28.297,13],[30.297,11],[30.297,-11],[28.297,-13],[-9.953,-13],[-11.953,-11],[-11.953,11]],"c":true}],"e":[{"i":[[-1.105,0],[0,0],[0,1.105],[0,0],[1.105,0],[0,0],[0,-1.105],[0,0]],"o":[[0,0],[1.105,0],[0,0],[0,-1.105],[0,0],[-1.105,0],[0,0],[0,1.105]],"v":[[-8.555,13],[22.711,13],[24.711,11],[24.711,-11],[22.711,-13],[-8.555,-13],[-10.555,-11],[-10.555,11]],"c":true}]},{"i":{"x":0.833,"y":0.833},"o":{"x":0.167,"y":0.167},"n":"0p833_0p833_0p167_0p167","t":22,"s":[{"i":[[-1.105,0],[0,0],[0,1.105],[0,0],[1.105,0],[0,0],[0,-1.105],[0,0]],"o":[[0,0],[1.105,0],[0,0],[0,-1.105],[0,0],[-1.105,0],[0,0],[0,1.105]],"v":[[-8.555,13],[22.711,13],[24.711,11],[24.711,-11],[22.711,-13],[-8.555,-13],[-10.555,-11],[-10.555,11]],"c":true}],"e":[{"i":[[-1.105,0],[0,0],[0,1.105],[0,0],[1.105,0],[0,0],[0,-1.105],[0,0]],"o":[[0,0],[1.105,0],[0,0],[0,-1.105],[0,0],[-1.105,0],[0,0],[0,1.105]],"v":[[-7.75,13],[17.125,13],[19.125,11],[19.125,-11],[17.125,-13],[-7.75,-13],[-9.75,-11],[-9.75,11]],"c":true}]},{"i":{"x":0.833,"y":0.833},"o":{"x":0.167,"y":0.167},"n":"0p833_0p833_0p167_0p167","t":23,"s":[{"i":[[-1.105,0],[0,0],[0,1.105],[0,0],[1.105,0],[0,0],[0,-1.105],[0,0]],"o":[[0,0],[1.105,0],[0,0],[0,-1.105],[0,0],[-1.105,0],[0,0],[0,1.105]],"v":[[-7.75,13],[17.125,13],[19.125,11],[19.125,-11],[17.125,-13],[-7.75,-13],[-9.75,-11],[-9.75,11]],"c":true}],"e":[{"i":[[-1.105,0],[0,0],[0,1.105],[0,0],[1.105,0],[0,0],[0,-1.105],[0,0]],"o":[[0,0],[1.105,0],[0,0],[0,-1.105],[0,0],[-1.105,0],[0,0],[0,1.105]],"v":[[-8.469,13],[13.813,13],[15.813,11],[15.813,-11],[13.813,-13],[-8.469,-13],[-10.469,-11],[-10.469,11]],"c":true}]},{"i":{"x":0.833,"y":0.833},"o":{"x":0.167,"y":0.167},"n":"0p833_0p833_0p167_0p167","t":24,"s":[{"i":[[-1.105,0],[0,0],[0,1.105],[0,0],[1.105,0],[0,0],[0,-1.105],[0,0]],"o":[[0,0],[1.105,0],[0,0],[0,-1.105],[0,0],[-1.105,0],[0,0],[0,1.105]],"v":[[-8.469,13],[13.813,13],[15.813,11],[15.813,-11],[13.813,-13],[-8.469,-13],[-10.469,-11],[-10.469,11]],"c":true}],"e":[{"i":[[-1.105,0],[0,0],[0,1.105],[0,0],[1.105,0],[0,0],[0,-1.105],[0,0]],"o":[[0,0],[1.105,0],[0,0],[0,-1.105],[0,0],[-1.105,0],[0,0],[0,1.105]],"v":[[-10.5,13],[10.5,13],[12.5,11],[12.5,-11],[10.5,-13],[-10.5,-13],[-12.5,-11],[-12.5,11]],"c":true}]},{"t":25}]},"nm":"Path 1","mn":"ADBE Vector Shape - Group"},{"ty":"st","c":{"a":0,"k":[0,0,0,1]},"o":{"a":0,"k":100},"w":{"a":0,"k":2},"lc":1,"lj":1,"ml":10,"nm":"Stroke 1","mn":"ADBE Vector Graphic - Stroke"},{"ty":"tr","p":{"a":0,"k":[36.5,25],"ix":2},"a":{"a":0,"k":[0,0],"ix":1},"s":{"a":0,"k":[100,100],"ix":3},"r":{"a":0,"k":0,"ix":6},"o":{"a":0,"k":100,"ix":7},"sk":{"a":0,"k":0,"ix":4},"sa":{"a":0,"k":0,"ix":5},"nm":"Transform"}],"nm":"Group 1","np":2,"mn":"ADBE Vector Group"},{"ty":"fl","c":{"a":0,"k":[0,0,0,1]},"o":{"a":0,"k":100},"nm":"Fill 1","mn":"ADBE Vector Graphic - Fill"}],"ip":0,"op":28,"st":0,"bm":0,"sr":1},{"ddd":0,"ind":3,"ty":4,"nm":"Switch On Filled Outlines","tt":2,"ks":{"o":{"a":0,"k":100},"r":{"a":0,"k":0},"p":{"a":0,"k":[25,25,0]},"a":{"a":0,"k":[25,25,0]},"s":{"a":0,"k":[100,100,100]}},"ao":0,"ef":[{"ty":5,"nm":"Change to Color","mn":"ADBE Change To Color","ix":1,"en":1,"ef":[{"ty":2,"nm":"From","mn":"ADBE Change To Color-0001","ix":1,"v":{"a":0,"k":[0,0,0,1]}},{"ty":2,"nm":"To","mn":"ADBE Change To Color-0002","ix":2,"v":{"a":0,"k":[0,0.55,0.54,1]}},{"ty":7,"nm":"Change","mn":"ADBE Change To Color-0003","ix":3,"v":{"a":0,"k":4}},{"ty":7,"nm":"Change By","mn":"ADBE Change To Color-0004","ix":4,"v":{"a":0,"k":1}},{"ty":6,"nm":"Tolerance","mn":"ADBE Change To Color-0010","ix":5,"v":0},{"ty":0,"nm":"Hue","mn":"ADBE Change To Color-0005","ix":6,"v":{"a":0,"k":0.1}},{"ty":0,"nm":"Lightness","mn":"ADBE Change To Color-0006","ix":7,"v":{"a":0,"k":1}},{"ty":0,"nm":"Saturation","mn":"ADBE Change To Color-0007","ix":8,"v":{"a":0,"k":1}},{"ty":6,"nm":"Saturation","mn":"ADBE Change To Color-0011","ix":9,"v":0},{"ty":0,"nm":"Softness","mn":"ADBE Change To Color-0008","ix":10,"v":{"a":0,"k":0.5}},{"ty":7,"nm":"View Correction Matte","mn":"ADBE Change To Color-0009","ix":11,"v":{"a":0,"k":0}}]}],"shapes":[{"ty":"gr","it":[{"ind":0,"ty":"sh","ks":{"a":0,"k":{"i":[[1.105,0],[0,0],[0,1.105],[0,0],[-1.105,0],[0,0],[0,-1.105],[0,0]],"o":[[0,0],[-1.105,0],[0,0],[0,-1.105],[0,0],[1.105,0],[0,0],[0,1.105]],"v":[[22,13],[-22,13],[-24,11],[-24,-11],[-22,-13],[22,-13],[24,-11],[24,11]],"c":true}},"nm":"Path 1","mn":"ADBE Vector Shape - Group"},{"ty":"st","c":{"a":0,"k":[0,0,0,1]},"o":{"a":0,"k":100},"w":{"a":0,"k":2},"lc":1,"lj":1,"ml":10,"nm":"Stroke 2","mn":"ADBE Vector Graphic - Stroke"},{"ty":"fl","c":{"a":0,"k":[0,0,0,1]},"o":{"a":0,"k":100},"nm":"Fill 1","mn":"ADBE Vector Graphic - Fill"},{"ty":"tr","p":{"a":0,"k":[25,25],"ix":2},"a":{"a":0,"k":[0,0],"ix":1},"s":{"a":0,"k":[100,100],"ix":3},"r":{"a":0,"k":0,"ix":6},"o":{"a":0,"k":100,"ix":7},"sk":{"a":0,"k":0,"ix":4},"sa":{"a":0,"k":0,"ix":5},"nm":"Transform"}],"nm":"Group 2","np":3,"mn":"ADBE Vector Group"}],"ip":0,"op":28,"st":0,"bm":0,"sr":1}]}