{"v":"4.5.5","fr":24,"ip":0,"op":28,"w":50,"h":50,"ddd":0,"assets":[],"layers":[{"ddd":0,"ind":0,"ty":4,"nm":"Toggle On Filled Outlines 10","ks":{"o":{"a":0,"k":100},"r":{"a":0,"k":0},"p":{"a":0,"k":[25,25,0]},"a":{"a":0,"k":[25,25,0]},"s":{"a":0,"k":[100,100,100]}},"ao":0,"ef":[{"ty":5,"nm":"Change to Color","mn":"ADBE Change To Color","ix":1,"en":1,"ef":[{"ty":2,"nm":"From","mn":"ADBE Change To Color-0001","ix":1,"v":{"a":0,"k":[0,0,0,1]}},{"ty":2,"nm":"To","mn":"ADBE Change To Color-0002","ix":2,"v":{"a":0,"k":[0,0.55,0.54,1]}},{"ty":7,"nm":"Change","mn":"ADBE Change To Color-0003","ix":3,"v":{"a":0,"k":4}},{"ty":7,"nm":"Change By","mn":"ADBE Change To Color-0004","ix":4,"v":{"a":0,"k":1}},{"ty":6,"nm":"Tolerance","mn":"ADBE Change To Color-0010","ix":5,"v":0},{"ty":0,"nm":"Hue","mn":"ADBE Change To Color-0005","ix":6,"v":{"a":0,"k":0.1}},{"ty":0,"nm":"Lightness","mn":"ADBE Change To Color-0006","ix":7,"v":{"a":0,"k":1}},{"ty":0,"nm":"Saturation","mn":"ADBE Change To Color-0007","ix":8,"v":{"a":0,"k":1}},{"ty":6,"nm":"Saturation","mn":"ADBE Change To Color-0011","ix":9,"v":0},{"ty":0,"nm":"Softness","mn":"ADBE Change To Color-0008","ix":10,"v":{"a":0,"k":0.5}},{"ty":7,"nm":"View Correction Matte","mn":"ADBE Change To Color-0009","ix":11,"v":{"a":0,"k":0}}]}],"shapes":[{"ty":"gr","it":[{"ind":0,"ty":"sh","ks":{"a":0,"k":{"i":[[-7.18,0],[0,-7.18],[7.18,0],[0,7.18]],"o":[[7.18,0],[0,7.18],[-7.18,0],[0,-7.18]],"v":[[0,-13],[13,0],[0,13],[-13,0]],"c":true}},"nm":"Path 1","mn":"ADBE Vector Shape - Group"},{"ty":"st","c":{"a":0,"k":[0,0,0,1]},"o":{"a":0,"k":100},"w":{"a":0,"k":2},"lc":1,"lj":1,"ml":10,"nm":"Stroke 1","mn":"ADBE Vector Graphic - Stroke"},{"ty":"tr","p":{"a":0,"k":[14,25],"ix":2},"a":{"a":0,"k":[0,0],"ix":1},"s":{"a":0,"k":[100,100],"ix":3},"r":{"a":0,"k":0,"ix":6},"o":{"a":0,"k":100,"ix":7},"sk":{"a":0,"k":0,"ix":4},"sa":{"a":0,"k":0,"ix":5},"nm":"Transform"}],"nm":"Group 2","np":2,"mn":"ADBE Vector Group"}],"ip":11,"op":17,"st":0,"bm":0,"sr":1},{"ddd":0,"ind":1,"ty":4,"nm":"Toggle On Filled Outlines 9","ks":{"o":{"a":0,"k":100},"r":{"a":0,"k":0},"p":{"a":1,"k":[{"i":{"x":0.271,"y":1},"o":{"x":0.799,"y":0},"n":"0p271_1_0p799_0","t":5,"s":[47,25,0],"e":[23.418,25,0],"to":[-2.87899518013,0,0],"ti":[5.79263162612915,0,0]},{"i":{"x":0.833,"y":0.833},"o":{"x":0.597,"y":0},"n":"0p833_0p833_0p597_0","t":10,"s":[23.418,25,0],"e":[25,25,0],"to":[-1.5848206281662,0,0],"ti":[0.78767150640488,0,0]},{"i":{"x":0.833,"y":0.833},"o":{"x":0.167,"y":0.167},"n":"0p833_0p833_0p167_0p167","t":11,"s":[25,25,0],"e":[25,25,0],"to":[-3.66666674613953,0,0],"ti":[0.78767150640488,0,0]},{"i":{"x":0.833,"y":0.833},"o":{"x":0.167,"y":0.167},"n":"0p833_0p833_0p167_0p167","t":12,"s":[25,25,0],"e":[25,25,0],"to":[-3.66666674613953,0,0],"ti":[0.78767150640488,0,0]},{"i":{"x":0.833,"y":0.833},"o":{"x":0.167,"y":0.167},"n":"0p833_0p833_0p167_0p167","t":13,"s":[25,25,0],"e":[25,25,0],"to":[-3.66666674613953,0,0],"ti":[0.78767150640488,0,0]},{"i":{"x":0.833,"y":0.833},"o":{"x":0.167,"y":0.167},"n":"0p833_0p833_0p167_0p167","t":14,"s":[25,25,0],"e":[25,25,0],"to":[-3.66666674613953,0,0],"ti":[0.78767150640488,0,0]},{"i":{"x":0.833,"y":0.833},"o":{"x":0.167,"y":0.167},"n":"0p833_0p833_0p167_0p167","t":15,"s":[25,25,0],"e":[25,25,0],"to":[-3.66666674613953,0,0],"ti":[0.78767150640488,0,0]},{"i":{"x":0.833,"y":0.833},"o":{"x":0.167,"y":0.167},"n":"0p833_0p833_0p167_0p167","t":16,"s":[25,25,0],"e":[25,25,0],"to":[-3.66666674613953,0,0],"ti":[0.78767150640488,0,0]},{"i":{"x":0.271,"y":1},"o":{"x":0.167,"y":0.167},"n":"0p271_1_0p167_0p167","t":17,"s":[25,25,0],"e":[23.418,25,0],"to":[-3.66666674613953,0,0],"ti":[5.79263162612915,0,0]},{"i":{"x":0.667,"y":1},"o":{"x":0.597,"y":0},"n":"0p667_1_0p597_0","t":18,"s":[23.418,25,0],"e":[47,25,0],"to":[-1.5848206281662,0,0],"ti":[3.66666674613953,0,0]},{"t":23}]},"a":{"a":0,"k":[25,25,0]},"s":{"a":1,"k":[{"i":{"x":[0.667,0.667,0.667],"y":[1,0.667,0.667]},"o":{"x":[0.333,0.333,0.333],"y":[0,0.333,0.333]},"n":["0p667_1_0p333_0","0p667_0p667_0p333_0p333","0p667_0p667_0p333_0p333"],"t":3,"s":[100,100,100],"e":[86,100,100]},{"i":{"x":[0.667,0.667,0.667],"y":[0.667,0.667,0.667]},"o":{"x":[0.333,0.333,0.333],"y":[0.333,0.333,0.333]},"n":["0p667_0p667_0p333_0p333","0p667_0p667_0p333_0p333","0p667_0p667_0p333_0p333"],"t":5,"s":[86,100,100],"e":[86,100,100]},{"i":{"x":[0.667,0.667,0.667],"y":[1,0.667,0.667]},"o":{"x":[0.333,0.333,0.333],"y":[0,0.333,0.333]},"n":["0p667_1_0p333_0","0p667_0p667_0p333_0p333","0p667_0p667_0p333_0p333"],"t":9,"s":[86,100,100],"e":[100,100,100]},{"i":{"x":[0.667,0.667,0.667],"y":[0.667,0.667,0.667]},"o":{"x":[0.333,0.333,0.333],"y":[0.333,0.333,0.333]},"n":["0p667_0p667_0p333_0p333","0p667_0p667_0p333_0p333","0p667_0p667_0p333_0p333"],"t":11,"s":[100,100,100],"e":[100,100,100]},{"i":{"x":[0.667,0.667,0.667],"y":[1,0.667,0.667]},"o":{"x":[0.333,0.333,0.333],"y":[0,0.333,0.333]},"n":["0p667_1_0p333_0","0p667_0p667_0p333_0p333","0p667_0p667_0p333_0p333"],"t":17,"s":[100,100,100],"e":[86,100,100]},{"i":{"x":[0.667,0.667,0.667],"y":[0.667,0.667,0.667]},"o":{"x":[0.333,0.333,0.333],"y":[0.333,0.333,0.333]},"n":["0p667_0p667_0p333_0p333","0p667_0p667_0p333_0p333","0p667_0p667_0p333_0p333"],"t":19,"s":[86,100,100],"e":[86,100,100]},{"i":{"x":[0.667,0.667,0.667],"y":[1,0.667,0.667]},"o":{"x":[0.333,0.333,0.333],"y":[0,0.333,0.333]},"n":["0p667_1_0p333_0","0p667_0p667_0p333_0p333","0p667_0p667_0p333_0p333"],"t":23,"s":[86,100,100],"e":[100,100,100]},{"t":25}]}},"ao":0,"ef":[{"ty":5,"nm":"Change to Color","mn":"ADBE Change To Color","ix":1,"en":1,"ef":[{"ty":2,"nm":"From","mn":"ADBE Change To Color-0001","ix":1,"v":{"a":0,"k":[0,0,0,1]}},{"ty":2,"nm":"To","mn":"ADBE Change To Color-0002","ix":2,"v":{"a":0,"k":[0,0.55,0.54,1]}},{"ty":7,"nm":"Change","mn":"ADBE Change To Color-0003","ix":3,"v":{"a":0,"k":4}},{"ty":7,"nm":"Change By","mn":"ADBE Change To Color-0004","ix":4,"v":{"a":0,"k":1}},{"ty":6,"nm":"Tolerance","mn":"ADBE Change To Color-0010","ix":5,"v":0},{"ty":0,"nm":"Hue","mn":"ADBE Change To Color-0005","ix":6,"v":{"a":0,"k":0.1}},{"ty":0,"nm":"Lightness","mn":"ADBE Change To Color-0006","ix":7,"v":{"a":0,"k":1}},{"ty":0,"nm":"Saturation","mn":"ADBE Change To Color-0007","ix":8,"v":{"a":0,"k":1}},{"ty":6,"nm":"Saturation","mn":"ADBE Change To Color-0011","ix":9,"v":0},{"ty":0,"nm":"Softness","mn":"ADBE Change To Color-0008","ix":10,"v":{"a":0,"k":0.5}},{"ty":7,"nm":"View Correction Matte","mn":"ADBE Change To Color-0009","ix":11,"v":{"a":0,"k":0}}]}],"shapes":[{"ty":"gr","it":[{"ind":0,"ty":"sh","ks":{"a":0,"k":{"i":[[-7.18,0],[0,-7.18],[7.18,0],[0,7.18]],"o":[[7.18,0],[0,7.18],[-7.18,0],[0,-7.18]],"v":[[0,-13],[13,0],[0,13],[-13,0]],"c":true}},"nm":"Path 1","mn":"ADBE Vector Shape - Group"},{"ty":"st","c":{"a":0,"k":[0,0,0,1]},"o":{"a":0,"k":100},"w":{"a":0,"k":2},"lc":1,"lj":1,"ml":10,"nm":"Stroke 1","mn":"ADBE Vector Graphic - Stroke"},{"ty":"tr","p":{"a":0,"k":[14,25],"ix":2},"a":{"a":0,"k":[0,0],"ix":1},"s":{"a":0,"k":[100,100],"ix":3},"r":{"a":0,"k":0,"ix":6},"o":{"a":0,"k":100,"ix":7},"sk":{"a":0,"k":0,"ix":4},"sa":{"a":0,"k":0,"ix":5},"nm":"Transform"}],"nm":"Group 2","np":2,"mn":"ADBE Vector Group"}],"ip":17,"op":28,"st":0,"bm":0,"sr":1},{"ddd":0,"ind":2,"ty":4,"nm":"Toggle On Filled Outlines 3","ks":{"o":{"a":0,"k":100},"r":{"a":0,"k":0},"p":{"a":1,"k":[{"i":{"x":0.271,"y":1},"o":{"x":0.799,"y":0},"n":"0p271_1_0p799_0","t":5,"s":[47,25,0],"e":[23.418,25,0],"to":[-2.87899518013,0,0],"ti":[5.79263162612915,0,0]},{"i":{"x":0.833,"y":0.833},"o":{"x":0.597,"y":0},"n":"0p833_0p833_0p597_0","t":10,"s":[23.418,25,0],"e":[25,25,0],"to":[-1.5848206281662,0,0],"ti":[0.78767150640488,0,0]},{"i":{"x":0.833,"y":0.833},"o":{"x":0.167,"y":0.167},"n":"0p833_0p833_0p167_0p167","t":11,"s":[25,25,0],"e":[25,25,0],"to":[-3.66666674613953,0,0],"ti":[0.78767150640488,0,0]},{"i":{"x":0.833,"y":0.833},"o":{"x":0.167,"y":0.167},"n":"0p833_0p833_0p167_0p167","t":12,"s":[25,25,0],"e":[25,25,0],"to":[-3.66666674613953,0,0],"ti":[0.78767150640488,0,0]},{"i":{"x":0.833,"y":0.833},"o":{"x":0.167,"y":0.167},"n":"0p833_0p833_0p167_0p167","t":13,"s":[25,25,0],"e":[25,25,0],"to":[-3.66666674613953,0,0],"ti":[0.78767150640488,0,0]},{"i":{"x":0.833,"y":0.833},"o":{"x":0.167,"y":0.167},"n":"0p833_0p833_0p167_0p167","t":14,"s":[25,25,0],"e":[25,25,0],"to":[-3.66666674613953,0,0],"ti":[0.78767150640488,0,0]},{"i":{"x":0.833,"y":0.833},"o":{"x":0.167,"y":0.167},"n":"0p833_0p833_0p167_0p167","t":15,"s":[25,25,0],"e":[25,25,0],"to":[-3.66666674613953,0,0],"ti":[0.78767150640488,0,0]},{"i":{"x":0.833,"y":0.833},"o":{"x":0.167,"y":0.167},"n":"0p833_0p833_0p167_0p167","t":16,"s":[25,25,0],"e":[25,25,0],"to":[-3.66666674613953,0,0],"ti":[0.78767150640488,0,0]},{"i":{"x":0.271,"y":1},"o":{"x":0.167,"y":0.167},"n":"0p271_1_0p167_0p167","t":17,"s":[25,25,0],"e":[23.418,25,0],"to":[-3.66666674613953,0,0],"ti":[5.79263162612915,0,0]},{"i":{"x":0.667,"y":1},"o":{"x":0.597,"y":0},"n":"0p667_1_0p597_0","t":18,"s":[23.418,25,0],"e":[47,25,0],"to":[-1.5848206281662,0,0],"ti":[3.66666674613953,0,0]},{"t":23}]},"a":{"a":0,"k":[25,25,0]},"s":{"a":1,"k":[{"i":{"x":[0.667,0.667,0.667],"y":[1,0.667,0.667]},"o":{"x":[0.333,0.333,0.333],"y":[0,0.333,0.333]},"n":["0p667_1_0p333_0","0p667_0p667_0p333_0p333","0p667_0p667_0p333_0p333"],"t":3,"s":[100,100,100],"e":[86,100,100]},{"i":{"x":[0.667,0.667,0.667],"y":[0.667,0.667,0.667]},"o":{"x":[0.333,0.333,0.333],"y":[0.333,0.333,0.333]},"n":["0p667_0p667_0p333_0p333","0p667_0p667_0p333_0p333","0p667_0p667_0p333_0p333"],"t":5,"s":[86,100,100],"e":[86,100,100]},{"i":{"x":[0.667,0.667,0.667],"y":[1,0.667,0.667]},"o":{"x":[0.333,0.333,0.333],"y":[0,0.333,0.333]},"n":["0p667_1_0p333_0","0p667_0p667_0p333_0p333","0p667_0p667_0p333_0p333"],"t":9,"s":[86,100,100],"e":[100,100,100]},{"i":{"x":[0.667,0.667,0.667],"y":[0.667,0.667,0.667]},"o":{"x":[0.333,0.333,0.333],"y":[0.333,0.333,0.333]},"n":["0p667_0p667_0p333_0p333","0p667_0p667_0p333_0p333","0p667_0p667_0p333_0p333"],"t":11,"s":[100,100,100],"e":[100,100,100]},{"i":{"x":[0.667,0.667,0.667],"y":[1,0.667,0.667]},"o":{"x":[0.333,0.333,0.333],"y":[0,0.333,0.333]},"n":["0p667_1_0p333_0","0p667_0p667_0p333_0p333","0p667_0p667_0p333_0p333"],"t":17,"s":[100,100,100],"e":[86,100,100]},{"i":{"x":[0.667,0.667,0.667],"y":[0.667,0.667,0.667]},"o":{"x":[0.333,0.333,0.333],"y":[0.333,0.333,0.333]},"n":["0p667_0p667_0p333_0p333","0p667_0p667_0p333_0p333","0p667_0p667_0p333_0p333"],"t":19,"s":[86,100,100],"e":[86,100,100]},{"i":{"x":[0.667,0.667,0.667],"y":[1,0.667,0.667]},"o":{"x":[0.333,0.333,0.333],"y":[0,0.333,0.333]},"n":["0p667_1_0p333_0","0p667_0p667_0p333_0p333","0p667_0p667_0p333_0p333"],"t":23,"s":[86,100,100],"e":[100,100,100]},{"t":25}]}},"ao":0,"ef":[{"ty":5,"nm":"Change to Color","mn":"ADBE Change To Color","ix":1,"en":1,"ef":[{"ty":2,"nm":"From","mn":"ADBE Change To Color-0001","ix":1,"v":{"a":0,"k":[0,0,0,1]}},{"ty":2,"nm":"To","mn":"ADBE Change To Color-0002","ix":2,"v":{"a":0,"k":[0,0.55,0.54,1]}},{"ty":7,"nm":"Change","mn":"ADBE Change To Color-0003","ix":3,"v":{"a":0,"k":4}},{"ty":7,"nm":"Change By","mn":"ADBE Change To Color-0004","ix":4,"v":{"a":0,"k":1}},{"ty":6,"nm":"Tolerance","mn":"ADBE Change To Color-0010","ix":5,"v":0},{"ty":0,"nm":"Hue","mn":"ADBE Change To Color-0005","ix":6,"v":{"a":0,"k":0.1}},{"ty":0,"nm":"Lightness","mn":"ADBE Change To Color-0006","ix":7,"v":{"a":0,"k":1}},{"ty":0,"nm":"Saturation","mn":"ADBE Change To Color-0007","ix":8,"v":{"a":0,"k":1}},{"ty":6,"nm":"Saturation","mn":"ADBE Change To Color-0011","ix":9,"v":0},{"ty":0,"nm":"Softness","mn":"ADBE Change To Color-0008","ix":10,"v":{"a":0,"k":0.5}},{"ty":7,"nm":"View Correction Matte","mn":"ADBE Change To Color-0009","ix":11,"v":{"a":0,"k":0}}]}],"shapes":[{"ty":"gr","it":[{"ind":0,"ty":"sh","ks":{"a":0,"k":{"i":[[-7.18,0],[0,-7.18],[7.18,0],[0,7.18]],"o":[[7.18,0],[0,7.18],[-7.18,0],[0,-7.18]],"v":[[0,-13],[13,0],[0,13],[-13,0]],"c":true}},"nm":"Path 1","mn":"ADBE Vector Shape - Group"},{"ty":"st","c":{"a":0,"k":[0,0,0,1]},"o":{"a":0,"k":100},"w":{"a":0,"k":2},"lc":1,"lj":1,"ml":10,"nm":"Stroke 1","mn":"ADBE Vector Graphic - Stroke"},{"ty":"tr","p":{"a":0,"k":[14,25],"ix":2},"a":{"a":0,"k":[0,0],"ix":1},"s":{"a":0,"k":[100,100],"ix":3},"r":{"a":0,"k":0,"ix":6},"o":{"a":0,"k":100,"ix":7},"sk":{"a":0,"k":0,"ix":4},"sa":{"a":0,"k":0,"ix":5},"nm":"Transform"}],"nm":"Group 2","np":2,"mn":"ADBE Vector Group"}],"ip":0,"op":11,"st":0,"bm":0,"sr":1},{"ddd":0,"ind":3,"ty":4,"nm":"Toggle On Filled Outlines 2","ks":{"o":{"a":0,"k":100},"r":{"a":0,"k":0},"p":{"a":0,"k":[25,25,0]},"a":{"a":0,"k":[25,25,0]},"s":{"a":0,"k":[100,100,100]}},"ao":0,"ef":[{"ty":5,"nm":"Change to Color","mn":"ADBE Change To Color","ix":1,"en":1,"ef":[{"ty":2,"nm":"From","mn":"ADBE Change To Color-0001","ix":1,"v":{"a":0,"k":[0,0,0,1]}},{"ty":2,"nm":"To","mn":"ADBE Change To Color-0002","ix":2,"v":{"a":0,"k":[0,0.55,0.54,1]}},{"ty":7,"nm":"Change","mn":"ADBE Change To Color-0003","ix":3,"v":{"a":0,"k":4}},{"ty":7,"nm":"Change By","mn":"ADBE Change To Color-0004","ix":4,"v":{"a":0,"k":1}},{"ty":6,"nm":"Tolerance","mn":"ADBE Change To Color-0010","ix":5,"v":0},{"ty":0,"nm":"Hue","mn":"ADBE Change To Color-0005","ix":6,"v":{"a":0,"k":0.1}},{"ty":0,"nm":"Lightness","mn":"ADBE Change To Color-0006","ix":7,"v":{"a":0,"k":1}},{"ty":0,"nm":"Saturation","mn":"ADBE Change To Color-0007","ix":8,"v":{"a":0,"k":1}},{"ty":6,"nm":"Saturation","mn":"ADBE Change To Color-0011","ix":9,"v":0},{"ty":0,"nm":"Softness","mn":"ADBE Change To Color-0008","ix":10,"v":{"a":0,"k":0.5}},{"ty":7,"nm":"View Correction Matte","mn":"ADBE Change To Color-0009","ix":11,"v":{"a":0,"k":0}}]}],"shapes":[{"ty":"gr","it":[{"ind":0,"ty":"sh","ks":{"a":0,"k":{"i":[[7.15,0],[0,0],[0,7.15],[-7.15,0],[0,0],[0,-7.15]],"o":[[0,0],[-7.15,0],[0,-7.15],[0,0],[7.15,0],[0,7.15]],"v":[[11,13],[-11,13],[-24,0],[-11,-13],[11,-13],[24,0]],"c":true}},"nm":"Path 1","mn":"ADBE Vector Shape - Group"},{"ty":"st","c":{"a":0,"k":[0,0,0,1]},"o":{"a":0,"k":100},"w":{"a":0,"k":2},"lc":1,"lj":1,"ml":10,"nm":"Stroke 1","mn":"ADBE Vector Graphic - Stroke"},{"ty":"tr","p":{"a":0,"k":[25,25],"ix":2},"a":{"a":0,"k":[0,0],"ix":1},"s":{"a":0,"k":[100,100],"ix":3},"r":{"a":0,"k":0,"ix":6},"o":{"a":0,"k":100,"ix":7},"sk":{"a":0,"k":0,"ix":4},"sa":{"a":0,"k":0,"ix":5},"nm":"Transform"}],"nm":"Group 1","np":2,"mn":"ADBE Vector Group"}],"ip":0,"op":28,"st":0,"bm":0,"sr":1},{"ddd":0,"ind":4,"ty":4,"nm":"Toggle On Filled Outlines 5","td":1,"ks":{"o":{"a":0,"k":100},"r":{"a":0,"k":0},"p":{"a":0,"k":[25,25,0]},"a":{"a":0,"k":[25,25,0]},"s":{"a":0,"k":[100,100,100]}},"ao":0,"ef":[{"ty":5,"nm":"Change to Color","mn":"ADBE Change To Color","ix":1,"en":1,"ef":[{"ty":2,"nm":"From","mn":"ADBE Change To Color-0001","ix":1,"v":{"a":0,"k":[0,0,0,1]}},{"ty":2,"nm":"To","mn":"ADBE Change To Color-0002","ix":2,"v":{"a":0,"k":[0,0.55,0.54,1]}},{"ty":7,"nm":"Change","mn":"ADBE Change To Color-0003","ix":3,"v":{"a":0,"k":4}},{"ty":7,"nm":"Change By","mn":"ADBE Change To Color-0004","ix":4,"v":{"a":0,"k":1}},{"ty":6,"nm":"Tolerance","mn":"ADBE Change To Color-0010","ix":5,"v":0},{"ty":0,"nm":"Hue","mn":"ADBE Change To Color-0005","ix":6,"v":{"a":0,"k":0.1}},{"ty":0,"nm":"Lightness","mn":"ADBE Change To Color-0006","ix":7,"v":{"a":0,"k":1}},{"ty":0,"nm":"Saturation","mn":"ADBE Change To Color-0007","ix":8,"v":{"a":0,"k":1}},{"ty":6,"nm":"Saturation","mn":"ADBE Change To Color-0011","ix":9,"v":0},{"ty":0,"nm":"Softness","mn":"ADBE Change To Color-0008","ix":10,"v":{"a":0,"k":0.5}},{"ty":7,"nm":"View Correction Matte","mn":"ADBE Change To Color-0009","ix":11,"v":{"a":0,"k":0}}]}],"shapes":[{"ty":"gr","it":[{"ty":"rc","d":1,"s":{"a":0,"k":[27.471,26.375]},"p":{"a":0,"k":[0,0]},"r":{"a":0,"k":0},"nm":"Rectangle Path 1","mn":"ADBE Vector Shape - Rect"},{"ty":"st","c":{"a":0,"k":[1,0.43,0.28,1]},"o":{"a":0,"k":100},"w":{"a":0,"k":2},"lc":1,"lj":1,"ml":4,"nm":"Stroke 1","mn":"ADBE Vector Graphic - Stroke"},{"ty":"fl","c":{"a":0,"k":[0,0,0,1]},"o":{"a":0,"k":100},"nm":"Fill 1","mn":"ADBE Vector Graphic - Fill"},{"ty":"tr","p":{"a":0,"k":[35.189,24.813],"ix":2},"a":{"a":0,"k":[0,0],"ix":1},"s":{"a":0,"k":[149.689,100],"ix":3},"r":{"a":0,"k":0,"ix":6},"o":{"a":0,"k":100,"ix":7},"sk":{"a":0,"k":0,"ix":4},"sa":{"a":0,"k":0,"ix":5},"nm":"Transform"}],"nm":"Rectangle 1","np":3,"mn":"ADBE Vector Group"},{"ty":"gr","it":[{"ind":0,"ty":"sh","ks":{"a":0,"k":{"i":[[-7.18,0],[0,-7.18],[7.18,0],[0,7.18]],"o":[[7.18,0],[0,7.18],[-7.18,0],[0,-7.18]],"v":[[0,-13],[13,0],[0,13],[-13,0]],"c":true}},"nm":"Path 1","mn":"ADBE Vector Shape - Group"},{"ty":"st","c":{"a":0,"k":[1,0.43,0.28,1]},"o":{"a":0,"k":100},"w":{"a":0,"k":2},"lc":1,"lj":1,"ml":10,"nm":"Stroke 1","mn":"ADBE Vector Graphic - Stroke"},{"ty":"fl","c":{"a":0,"k":[0,0,0,1]},"o":{"a":0,"k":100},"nm":"Fill 1","mn":"ADBE Vector Graphic - Fill"},{"ty":"tr","p":{"a":0,"k":[14,25],"ix":2},"a":{"a":0,"k":[0,0],"ix":1},"s":{"a":0,"k":[100,100],"ix":3},"r":{"a":0,"k":0,"ix":6},"o":{"a":0,"k":100,"ix":7},"sk":{"a":0,"k":0,"ix":4},"sa":{"a":0,"k":0,"ix":5},"nm":"Transform"}],"nm":"Group 2","np":3,"mn":"ADBE Vector Group"}],"ip":11,"op":17,"st":0,"bm":0,"sr":1},{"ddd":0,"ind":5,"ty":4,"nm":"Toggle On Filled Outlines 6","tt":2,"ks":{"o":{"a":0,"k":100},"r":{"a":0,"k":0},"p":{"a":0,"k":[25,25,0]},"a":{"a":0,"k":[25,25,0]},"s":{"a":0,"k":[100,100,100]}},"ao":0,"ef":[{"ty":5,"nm":"Change to Color","mn":"ADBE Change To Color","ix":1,"en":1,"ef":[{"ty":2,"nm":"From","mn":"ADBE Change To Color-0001","ix":1,"v":{"a":0,"k":[0,0,0,1]}},{"ty":2,"nm":"To","mn":"ADBE Change To Color-0002","ix":2,"v":{"a":0,"k":[0,0.55,0.54,1]}},{"ty":7,"nm":"Change","mn":"ADBE Change To Color-0003","ix":3,"v":{"a":0,"k":4}},{"ty":7,"nm":"Change By","mn":"ADBE Change To Color-0004","ix":4,"v":{"a":0,"k":1}},{"ty":6,"nm":"Tolerance","mn":"ADBE Change To Color-0010","ix":5,"v":0},{"ty":0,"nm":"Hue","mn":"ADBE Change To Color-0005","ix":6,"v":{"a":0,"k":0.1}},{"ty":0,"nm":"Lightness","mn":"ADBE Change To Color-0006","ix":7,"v":{"a":0,"k":1}},{"ty":0,"nm":"Saturation","mn":"ADBE Change To Color-0007","ix":8,"v":{"a":0,"k":1}},{"ty":6,"nm":"Saturation","mn":"ADBE Change To Color-0011","ix":9,"v":0},{"ty":0,"nm":"Softness","mn":"ADBE Change To Color-0008","ix":10,"v":{"a":0,"k":0.5}},{"ty":7,"nm":"View Correction Matte","mn":"ADBE Change To Color-0009","ix":11,"v":{"a":0,"k":0}}]}],"shapes":[{"ty":"gr","it":[{"ind":0,"ty":"sh","ks":{"a":0,"k":{"i":[[7.15,0],[0,0],[0,7.15],[-7.15,0],[0,0],[0,-7.15]],"o":[[0,0],[-7.15,0],[0,-7.15],[0,0],[7.15,0],[0,7.15]],"v":[[11,13],[-11,13],[-24,0],[-11,-13],[11,-13],[24,0]],"c":true}},"nm":"Path 1","mn":"ADBE Vector Shape - Group"},{"ty":"fl","c":{"a":0,"k":[0,0,0,1]},"o":{"a":0,"k":100},"nm":"Fill 1","mn":"ADBE Vector Graphic - Fill"},{"ty":"tr","p":{"a":0,"k":[25,25],"ix":2},"a":{"a":0,"k":[0,0],"ix":1},"s":{"a":0,"k":[100,100],"ix":3},"r":{"a":0,"k":0,"ix":6},"o":{"a":0,"k":100,"ix":7},"sk":{"a":0,"k":0,"ix":4},"sa":{"a":0,"k":0,"ix":5},"nm":"Transform"}],"nm":"Group 3","np":2,"mn":"ADBE Vector Group"}],"ip":11,"op":17,"st":0,"bm":0,"sr":1},{"ddd":0,"ind":6,"ty":4,"nm":"Toggle On Filled Outlines 8","td":1,"ks":{"o":{"a":0,"k":100},"r":{"a":0,"k":0},"p":{"a":1,"k":[{"i":{"x":0.271,"y":1},"o":{"x":0.799,"y":0},"n":"0p271_1_0p799_0","t":5,"s":[47,25,0],"e":[23.418,25,0],"to":[-2.87899518013,0,0],"ti":[5.79263162612915,0,0]},{"i":{"x":0.833,"y":0.833},"o":{"x":0.597,"y":0},"n":"0p833_0p833_0p597_0","t":10,"s":[23.418,25,0],"e":[25,25,0],"to":[-1.5848206281662,0,0],"ti":[0.78767150640488,0,0]},{"i":{"x":0.833,"y":0.833},"o":{"x":0.167,"y":0.167},"n":"0p833_0p833_0p167_0p167","t":11,"s":[25,25,0],"e":[25,25,0],"to":[-3.66666674613953,0,0],"ti":[0.78767150640488,0,0]},{"i":{"x":0.833,"y":0.833},"o":{"x":0.167,"y":0.167},"n":"0p833_0p833_0p167_0p167","t":12,"s":[25,25,0],"e":[25,25,0],"to":[-3.66666674613953,0,0],"ti":[0.78767150640488,0,0]},{"i":{"x":0.833,"y":0.833},"o":{"x":0.167,"y":0.167},"n":"0p833_0p833_0p167_0p167","t":13,"s":[25,25,0],"e":[25,25,0],"to":[-3.66666674613953,0,0],"ti":[0.78767150640488,0,0]},{"i":{"x":0.833,"y":0.833},"o":{"x":0.167,"y":0.167},"n":"0p833_0p833_0p167_0p167","t":14,"s":[25,25,0],"e":[25,25,0],"to":[-3.66666674613953,0,0],"ti":[0.78767150640488,0,0]},{"i":{"x":0.833,"y":0.833},"o":{"x":0.167,"y":0.167},"n":"0p833_0p833_0p167_0p167","t":15,"s":[25,25,0],"e":[25,25,0],"to":[-3.66666674613953,0,0],"ti":[0.78767150640488,0,0]},{"i":{"x":0.833,"y":0.833},"o":{"x":0.167,"y":0.167},"n":"0p833_0p833_0p167_0p167","t":16,"s":[25,25,0],"e":[25,25,0],"to":[-3.66666674613953,0,0],"ti":[0.78767150640488,0,0]},{"i":{"x":0.271,"y":1},"o":{"x":0.167,"y":0.167},"n":"0p271_1_0p167_0p167","t":17,"s":[25,25,0],"e":[23.418,25,0],"to":[-3.66666674613953,0,0],"ti":[5.79263162612915,0,0]},{"i":{"x":0.667,"y":1},"o":{"x":0.597,"y":0},"n":"0p667_1_0p597_0","t":18,"s":[23.418,25,0],"e":[47,25,0],"to":[-1.5848206281662,0,0],"ti":[3.66666674613953,0,0]},{"t":23}]},"a":{"a":0,"k":[25,25,0]},"s":{"a":1,"k":[{"i":{"x":[0.667,0.667,0.667],"y":[0.667,1,0.667]},"o":{"x":[0.167,0.167,0.167],"y":[0.167,0,0.167]},"n":["0p667_0p667_0p167_0p167","0p667_1_0p167_0","0p667_0p667_0p167_0p167"],"t":0,"s":[97,97,100],"e":[97,98,100]},{"i":{"x":[0.667,0.667,0.667],"y":[1,0.667,0.667]},"o":{"x":[0.333,0.333,0.333],"y":[0,0.333,0.333]},"n":["0p667_1_0p333_0","0p667_0p667_0p333_0p333","0p667_0p667_0p333_0p333"],"t":3,"s":[97,98,100],"e":[83,98,100]},{"i":{"x":[0.667,0.667,0.667],"y":[1,1,0.667]},"o":{"x":[0.333,0.333,0.333],"y":[0,0,0.333]},"n":["0p667_1_0p333_0","0p667_1_0p333_0","0p667_0p667_0p333_0p333"],"t":5,"s":[83,98,100],"e":[86,100,100]},{"i":{"x":[0.667,0.667,0.667],"y":[1,0.667,0.667]},"o":{"x":[0.333,0.333,0.333],"y":[0,0.333,0.333]},"n":["0p667_1_0p333_0","0p667_0p667_0p333_0p333","0p667_0p667_0p333_0p333"],"t":9,"s":[86,100,100],"e":[100,100,100]},{"i":{"x":[0.667,0.667,0.667],"y":[0.667,0.667,0.667]},"o":{"x":[0.333,0.333,0.333],"y":[0.333,0.333,0.333]},"n":["0p667_0p667_0p333_0p333","0p667_0p667_0p333_0p333","0p667_0p667_0p333_0p333"],"t":11,"s":[100,100,100],"e":[100,100,100]},{"i":{"x":[0.667,0.667,0.667],"y":[1,1,0.667]},"o":{"x":[0.333,0.333,0.333],"y":[0,0,0.333]},"n":["0p667_1_0p333_0","0p667_1_0p333_0","0p667_0p667_0p333_0p333"],"t":17,"s":[100,100,100],"e":[83,98,100]},{"i":{"x":[0.667,0.667,0.667],"y":[1,0.667,0.667]},"o":{"x":[0.333,0.333,0.333],"y":[0,0.333,0.333]},"n":["0p667_1_0p333_0","0p667_0p667_0p333_0p333","0p667_0p667_0p333_0p333"],"t":19,"s":[83,98,100],"e":[84,98,100]},{"i":{"x":[0.667,0.667,0.667],"y":[1,0.667,0.667]},"o":{"x":[0.333,0.333,0.333],"y":[0,0.333,0.333]},"n":["0p667_1_0p333_0","0p667_0p667_0p333_0p333","0p667_0p667_0p333_0p333"],"t":23,"s":[84,98,100],"e":[96,98,100]},{"t":25}]}},"ao":0,"ef":[{"ty":5,"nm":"Change to Color","mn":"ADBE Change To Color","ix":1,"en":1,"ef":[{"ty":2,"nm":"From","mn":"ADBE Change To Color-0001","ix":1,"v":{"a":0,"k":[0,0,0,1]}},{"ty":2,"nm":"To","mn":"ADBE Change To Color-0002","ix":2,"v":{"a":0,"k":[0,0.55,0.54,1]}},{"ty":7,"nm":"Change","mn":"ADBE Change To Color-0003","ix":3,"v":{"a":0,"k":4}},{"ty":7,"nm":"Change By","mn":"ADBE Change To Color-0004","ix":4,"v":{"a":0,"k":1}},{"ty":6,"nm":"Tolerance","mn":"ADBE Change To Color-0010","ix":5,"v":0},{"ty":0,"nm":"Hue","mn":"ADBE Change To Color-0005","ix":6,"v":{"a":0,"k":0.1}},{"ty":0,"nm":"Lightness","mn":"ADBE Change To Color-0006","ix":7,"v":{"a":0,"k":1}},{"ty":0,"nm":"Saturation","mn":"ADBE Change To Color-0007","ix":8,"v":{"a":0,"k":1}},{"ty":6,"nm":"Saturation","mn":"ADBE Change To Color-0011","ix":9,"v":0},{"ty":0,"nm":"Softness","mn":"ADBE Change To Color-0008","ix":10,"v":{"a":0,"k":0.5}},{"ty":7,"nm":"View Correction Matte","mn":"ADBE Change To Color-0009","ix":11,"v":{"a":0,"k":0}}]}],"shapes":[{"ty":"gr","it":[{"ty":"rc","d":1,"s":{"a":0,"k":[27.471,26.375]},"p":{"a":0,"k":[0,0]},"r":{"a":0,"k":0},"nm":"Rectangle Path 1","mn":"ADBE Vector Shape - Rect"},{"ty":"st","c":{"a":0,"k":[1,0.43,0.28,1]},"o":{"a":0,"k":100},"w":{"a":0,"k":2},"lc":1,"lj":1,"ml":4,"nm":"Stroke 1","mn":"ADBE Vector Graphic - Stroke"},{"ty":"fl","c":{"a":0,"k":[0,0,0,1]},"o":{"a":0,"k":100},"nm":"Fill 1","mn":"ADBE Vector Graphic - Fill"},{"ty":"tr","p":{"a":0,"k":[35.189,24.813],"ix":2},"a":{"a":0,"k":[0,0],"ix":1},"s":{"a":0,"k":[149.689,100],"ix":3},"r":{"a":0,"k":0,"ix":6},"o":{"a":0,"k":100,"ix":7},"sk":{"a":0,"k":0,"ix":4},"sa":{"a":0,"k":0,"ix":5},"nm":"Transform"}],"nm":"Rectangle 1","np":3,"mn":"ADBE Vector Group"},{"ty":"gr","it":[{"ind":0,"ty":"sh","ks":{"a":0,"k":{"i":[[-7.18,0],[0,-7.18],[7.18,0],[0,7.18]],"o":[[7.18,0],[0,7.18],[-7.18,0],[0,-7.18]],"v":[[0,-13],[13,0],[0,13],[-13,0]],"c":true}},"nm":"Path 1","mn":"ADBE Vector Shape - Group"},{"ty":"st","c":{"a":0,"k":[1,0.43,0.28,1]},"o":{"a":0,"k":100},"w":{"a":0,"k":2},"lc":1,"lj":1,"ml":10,"nm":"Stroke 1","mn":"ADBE Vector Graphic - Stroke"},{"ty":"fl","c":{"a":0,"k":[0,0,0,1]},"o":{"a":0,"k":100},"nm":"Fill 1","mn":"ADBE Vector Graphic - Fill"},{"ty":"tr","p":{"a":0,"k":[14,25],"ix":2},"a":{"a":0,"k":[0,0],"ix":1},"s":{"a":0,"k":[100,100],"ix":3},"r":{"a":0,"k":0,"ix":6},"o":{"a":0,"k":100,"ix":7},"sk":{"a":0,"k":0,"ix":4},"sa":{"a":0,"k":0,"ix":5},"nm":"Transform"}],"nm":"Group 2","np":3,"mn":"ADBE Vector Group"}],"ip":0,"op":11,"st":0,"bm":0,"sr":1},{"ddd":0,"ind":7,"ty":4,"nm":"Toggle On Filled Outlines 7","tt":2,"ks":{"o":{"a":0,"k":100},"r":{"a":0,"k":0},"p":{"a":0,"k":[25,25,0]},"a":{"a":0,"k":[25,25,0]},"s":{"a":0,"k":[100,100,100]}},"ao":0,"ef":[{"ty":5,"nm":"Change to Color","mn":"ADBE Change To Color","ix":1,"en":1,"ef":[{"ty":2,"nm":"From","mn":"ADBE Change To Color-0001","ix":1,"v":{"a":0,"k":[0,0,0,1]}},{"ty":2,"nm":"To","mn":"ADBE Change To Color-0002","ix":2,"v":{"a":0,"k":[0,0.55,0.54,1]}},{"ty":7,"nm":"Change","mn":"ADBE Change To Color-0003","ix":3,"v":{"a":0,"k":4}},{"ty":7,"nm":"Change By","mn":"ADBE Change To Color-0004","ix":4,"v":{"a":0,"k":1}},{"ty":6,"nm":"Tolerance","mn":"ADBE Change To Color-0010","ix":5,"v":0},{"ty":0,"nm":"Hue","mn":"ADBE Change To Color-0005","ix":6,"v":{"a":0,"k":0.1}},{"ty":0,"nm":"Lightness","mn":"ADBE Change To Color-0006","ix":7,"v":{"a":0,"k":1}},{"ty":0,"nm":"Saturation","mn":"ADBE Change To Color-0007","ix":8,"v":{"a":0,"k":1}},{"ty":6,"nm":"Saturation","mn":"ADBE Change To Color-0011","ix":9,"v":0},{"ty":0,"nm":"Softness","mn":"ADBE Change To Color-0008","ix":10,"v":{"a":0,"k":0.5}},{"ty":7,"nm":"View Correction Matte","mn":"ADBE Change To Color-0009","ix":11,"v":{"a":0,"k":0}}]}],"shapes":[{"ty":"gr","it":[{"ind":0,"ty":"sh","ks":{"a":0,"k":{"i":[[7.15,0],[0,0],[0,7.15],[-7.15,0],[0,0],[0,-7.15]],"o":[[0,0],[-7.15,0],[0,-7.15],[0,0],[7.15,0],[0,7.15]],"v":[[11,13],[-11,13],[-24,0],[-11,-13],[11,-13],[24,0]],"c":true}},"nm":"Path 1","mn":"ADBE Vector Shape - Group"},{"ty":"fl","c":{"a":0,"k":[0,0,0,1]},"o":{"a":0,"k":100},"nm":"Fill 1","mn":"ADBE Vector Graphic - Fill"},{"ty":"tr","p":{"a":0,"k":[25,25],"ix":2},"a":{"a":0,"k":[0,0],"ix":1},"s":{"a":0,"k":[100,100],"ix":3},"r":{"a":0,"k":0,"ix":6},"o":{"a":0,"k":100,"ix":7},"sk":{"a":0,"k":0,"ix":4},"sa":{"a":0,"k":0,"ix":5},"nm":"Transform"}],"nm":"Group 3","np":2,"mn":"ADBE Vector Group"}],"ip":0,"op":11,"st":0,"bm":0,"sr":1},{"ddd":0,"ind":8,"ty":4,"nm":"Toggle On Filled Outlines 4","td":1,"ks":{"o":{"a":0,"k":100},"r":{"a":0,"k":0},"p":{"a":1,"k":[{"i":{"x":0.271,"y":1},"o":{"x":0.799,"y":0},"n":"0p271_1_0p799_0","t":5,"s":[47,25,0],"e":[23.418,25,0],"to":[-2.87899518013,0,0],"ti":[5.79263162612915,0,0]},{"i":{"x":0.833,"y":0.833},"o":{"x":0.597,"y":0},"n":"0p833_0p833_0p597_0","t":10,"s":[23.418,25,0],"e":[25,25,0],"to":[-1.5848206281662,0,0],"ti":[0.78767150640488,0,0]},{"i":{"x":0.833,"y":0.833},"o":{"x":0.167,"y":0.167},"n":"0p833_0p833_0p167_0p167","t":11,"s":[25,25,0],"e":[25,25,0],"to":[-3.66666674613953,0,0],"ti":[0.78767150640488,0,0]},{"i":{"x":0.833,"y":0.833},"o":{"x":0.167,"y":0.167},"n":"0p833_0p833_0p167_0p167","t":12,"s":[25,25,0],"e":[25,25,0],"to":[-3.66666674613953,0,0],"ti":[0.78767150640488,0,0]},{"i":{"x":0.833,"y":0.833},"o":{"x":0.167,"y":0.167},"n":"0p833_0p833_0p167_0p167","t":13,"s":[25,25,0],"e":[25,25,0],"to":[-3.66666674613953,0,0],"ti":[0.78767150640488,0,0]},{"i":{"x":0.833,"y":0.833},"o":{"x":0.167,"y":0.167},"n":"0p833_0p833_0p167_0p167","t":14,"s":[25,25,0],"e":[25,25,0],"to":[-3.66666674613953,0,0],"ti":[0.78767150640488,0,0]},{"i":{"x":0.833,"y":0.833},"o":{"x":0.167,"y":0.167},"n":"0p833_0p833_0p167_0p167","t":15,"s":[25,25,0],"e":[25,25,0],"to":[-3.66666674613953,0,0],"ti":[0.78767150640488,0,0]},{"i":{"x":0.833,"y":0.833},"o":{"x":0.167,"y":0.167},"n":"0p833_0p833_0p167_0p167","t":16,"s":[25,25,0],"e":[25,25,0],"to":[-3.66666674613953,0,0],"ti":[0.78767150640488,0,0]},{"i":{"x":0.271,"y":1},"o":{"x":0.167,"y":0.167},"n":"0p271_1_0p167_0p167","t":17,"s":[25,25,0],"e":[23.418,25,0],"to":[-3.66666674613953,0,0],"ti":[5.79263162612915,0,0]},{"i":{"x":0.667,"y":1},"o":{"x":0.597,"y":0},"n":"0p667_1_0p597_0","t":18,"s":[23.418,25,0],"e":[47,25,0],"to":[-1.5848206281662,0,0],"ti":[3.66666674613953,0,0]},{"t":23}]},"a":{"a":0,"k":[25,25,0]},"s":{"a":1,"k":[{"i":{"x":[0.667,0.667,0.667],"y":[0.667,1,0.667]},"o":{"x":[0.167,0.167,0.167],"y":[0.167,0,0.167]},"n":["0p667_0p667_0p167_0p167","0p667_1_0p167_0","0p667_0p667_0p167_0p167"],"t":0,"s":[97,97,100],"e":[97,98,100]},{"i":{"x":[0.667,0.667,0.667],"y":[1,0.667,0.667]},"o":{"x":[0.333,0.333,0.333],"y":[0,0.333,0.333]},"n":["0p667_1_0p333_0","0p667_0p667_0p333_0p333","0p667_0p667_0p333_0p333"],"t":3,"s":[97,98,100],"e":[83,98,100]},{"i":{"x":[0.667,0.667,0.667],"y":[1,1,0.667]},"o":{"x":[0.333,0.333,0.333],"y":[0,0,0.333]},"n":["0p667_1_0p333_0","0p667_1_0p333_0","0p667_0p667_0p333_0p333"],"t":5,"s":[83,98,100],"e":[86,100,100]},{"i":{"x":[0.667,0.667,0.667],"y":[1,0.667,0.667]},"o":{"x":[0.333,0.333,0.333],"y":[0,0.333,0.333]},"n":["0p667_1_0p333_0","0p667_0p667_0p333_0p333","0p667_0p667_0p333_0p333"],"t":9,"s":[86,100,100],"e":[100,100,100]},{"i":{"x":[0.667,0.667,0.667],"y":[0.667,0.667,0.667]},"o":{"x":[0.333,0.333,0.333],"y":[0.333,0.333,0.333]},"n":["0p667_0p667_0p333_0p333","0p667_0p667_0p333_0p333","0p667_0p667_0p333_0p333"],"t":11,"s":[100,100,100],"e":[100,100,100]},{"i":{"x":[0.667,0.667,0.667],"y":[1,1,0.667]},"o":{"x":[0.333,0.333,0.333],"y":[0,0,0.333]},"n":["0p667_1_0p333_0","0p667_1_0p333_0","0p667_0p667_0p333_0p333"],"t":17,"s":[100,100,100],"e":[83,98,100]},{"i":{"x":[0.667,0.667,0.667],"y":[1,0.667,0.667]},"o":{"x":[0.333,0.333,0.333],"y":[0,0.333,0.333]},"n":["0p667_1_0p333_0","0p667_0p667_0p333_0p333","0p667_0p667_0p333_0p333"],"t":19,"s":[83,98,100],"e":[84,98,100]},{"i":{"x":[0.667,0.667,0.667],"y":[1,0.667,0.667]},"o":{"x":[0.333,0.333,0.333],"y":[0,0.333,0.333]},"n":["0p667_1_0p333_0","0p667_0p667_0p333_0p333","0p667_0p667_0p333_0p333"],"t":23,"s":[84,98,100],"e":[96,98,100]},{"t":25}]}},"ao":0,"ef":[{"ty":5,"nm":"Change to Color","mn":"ADBE Change To Color","ix":1,"en":1,"ef":[{"ty":2,"nm":"From","mn":"ADBE Change To Color-0001","ix":1,"v":{"a":0,"k":[0,0,0,1]}},{"ty":2,"nm":"To","mn":"ADBE Change To Color-0002","ix":2,"v":{"a":0,"k":[0,0.55,0.54,1]}},{"ty":7,"nm":"Change","mn":"ADBE Change To Color-0003","ix":3,"v":{"a":0,"k":4}},{"ty":7,"nm":"Change By","mn":"ADBE Change To Color-0004","ix":4,"v":{"a":0,"k":1}},{"ty":6,"nm":"Tolerance","mn":"ADBE Change To Color-0010","ix":5,"v":0},{"ty":0,"nm":"Hue","mn":"ADBE Change To Color-0005","ix":6,"v":{"a":0,"k":0.1}},{"ty":0,"nm":"Lightness","mn":"ADBE Change To Color-0006","ix":7,"v":{"a":0,"k":1}},{"ty":0,"nm":"Saturation","mn":"ADBE Change To Color-0007","ix":8,"v":{"a":0,"k":1}},{"ty":6,"nm":"Saturation","mn":"ADBE Change To Color-0011","ix":9,"v":0},{"ty":0,"nm":"Softness","mn":"ADBE Change To Color-0008","ix":10,"v":{"a":0,"k":0.5}},{"ty":7,"nm":"View Correction Matte","mn":"ADBE Change To Color-0009","ix":11,"v":{"a":0,"k":0}}]}],"shapes":[{"ty":"gr","it":[{"ty":"rc","d":1,"s":{"a":0,"k":[27.471,26.375]},"p":{"a":0,"k":[0,0]},"r":{"a":0,"k":0},"nm":"Rectangle Path 1","mn":"ADBE Vector Shape - Rect"},{"ty":"st","c":{"a":0,"k":[1,0.43,0.28,1]},"o":{"a":0,"k":100},"w":{"a":0,"k":2},"lc":1,"lj":1,"ml":4,"nm":"Stroke 1","mn":"ADBE Vector Graphic - Stroke"},{"ty":"fl","c":{"a":0,"k":[0,0,0,1]},"o":{"a":0,"k":100},"nm":"Fill 1","mn":"ADBE Vector Graphic - Fill"},{"ty":"tr","p":{"a":0,"k":[35.189,24.813],"ix":2},"a":{"a":0,"k":[0,0],"ix":1},"s":{"a":0,"k":[149.689,100],"ix":3},"r":{"a":0,"k":0,"ix":6},"o":{"a":0,"k":100,"ix":7},"sk":{"a":0,"k":0,"ix":4},"sa":{"a":0,"k":0,"ix":5},"nm":"Transform"}],"nm":"Rectangle 1","np":3,"mn":"ADBE Vector Group"},{"ty":"gr","it":[{"ind":0,"ty":"sh","ks":{"a":0,"k":{"i":[[-7.18,0],[0,-7.18],[7.18,0],[0,7.18]],"o":[[7.18,0],[0,7.18],[-7.18,0],[0,-7.18]],"v":[[0,-13],[13,0],[0,13],[-13,0]],"c":true}},"nm":"Path 1","mn":"ADBE Vector Shape - Group"},{"ty":"st","c":{"a":0,"k":[1,0.43,0.28,1]},"o":{"a":0,"k":100},"w":{"a":0,"k":2},"lc":1,"lj":1,"ml":10,"nm":"Stroke 1","mn":"ADBE Vector Graphic - Stroke"},{"ty":"fl","c":{"a":0,"k":[0,0,0,1]},"o":{"a":0,"k":100},"nm":"Fill 1","mn":"ADBE Vector Graphic - Fill"},{"ty":"tr","p":{"a":0,"k":[14,25],"ix":2},"a":{"a":0,"k":[0,0],"ix":1},"s":{"a":0,"k":[100,100],"ix":3},"r":{"a":0,"k":0,"ix":6},"o":{"a":0,"k":100,"ix":7},"sk":{"a":0,"k":0,"ix":4},"sa":{"a":0,"k":0,"ix":5},"nm":"Transform"}],"nm":"Group 2","np":3,"mn":"ADBE Vector Group"}],"ip":17,"op":28,"st":0,"bm":0,"sr":1},{"ddd":0,"ind":9,"ty":4,"nm":"Toggle On Filled Outlines","tt":2,"ks":{"o":{"a":0,"k":100},"r":{"a":0,"k":0},"p":{"a":0,"k":[25,25,0]},"a":{"a":0,"k":[25,25,0]},"s":{"a":0,"k":[100,100,100]}},"ao":0,"ef":[{"ty":5,"nm":"Change to Color","mn":"ADBE Change To Color","ix":1,"en":1,"ef":[{"ty":2,"nm":"From","mn":"ADBE Change To Color-0001","ix":1,"v":{"a":0,"k":[0,0,0,1]}},{"ty":2,"nm":"To","mn":"ADBE Change To Color-0002","ix":2,"v":{"a":0,"k":[0,0.55,0.54,1]}},{"ty":7,"nm":"Change","mn":"ADBE Change To Color-0003","ix":3,"v":{"a":0,"k":4}},{"ty":7,"nm":"Change By","mn":"ADBE Change To Color-0004","ix":4,"v":{"a":0,"k":1}},{"ty":6,"nm":"Tolerance","mn":"ADBE Change To Color-0010","ix":5,"v":0},{"ty":0,"nm":"Hue","mn":"ADBE Change To Color-0005","ix":6,"v":{"a":0,"k":0.1}},{"ty":0,"nm":"Lightness","mn":"ADBE Change To Color-0006","ix":7,"v":{"a":0,"k":1}},{"ty":0,"nm":"Saturation","mn":"ADBE Change To Color-0007","ix":8,"v":{"a":0,"k":1}},{"ty":6,"nm":"Saturation","mn":"ADBE Change To Color-0011","ix":9,"v":0},{"ty":0,"nm":"Softness","mn":"ADBE Change To Color-0008","ix":10,"v":{"a":0,"k":0.5}},{"ty":7,"nm":"View Correction Matte","mn":"ADBE Change To Color-0009","ix":11,"v":{"a":0,"k":0}}]}],"shapes":[{"ty":"gr","it":[{"ind":0,"ty":"sh","ks":{"a":0,"k":{"i":[[7.15,0],[0,0],[0,7.15],[-7.15,0],[0,0],[0,-7.15]],"o":[[0,0],[-7.15,0],[0,-7.15],[0,0],[7.15,0],[0,7.15]],"v":[[11,13],[-11,13],[-24,0],[-11,-13],[11,-13],[24,0]],"c":true}},"nm":"Path 1","mn":"ADBE Vector Shape - Group"},{"ty":"fl","c":{"a":0,"k":[0,0,0,1]},"o":{"a":0,"k":100},"nm":"Fill 1","mn":"ADBE Vector Graphic - Fill"},{"ty":"tr","p":{"a":0,"k":[25,25],"ix":2},"a":{"a":0,"k":[0,0],"ix":1},"s":{"a":0,"k":[100,100],"ix":3},"r":{"a":0,"k":0,"ix":6},"o":{"a":0,"k":100,"ix":7},"sk":{"a":0,"k":0,"ix":4},"sa":{"a":0,"k":0,"ix":5},"nm":"Transform"}],"nm":"Group 3","np":2,"mn":"ADBE Vector Group"}],"ip":17,"op":28,"st":0,"bm":0,"sr":1}]}
