{"v":"4.6.3","fr":24,"ip":0,"op":27,"w":50,"h":50,"nm":"circle","ddd":0,"assets":[],"layers":[{"ddd":0,"ind":1,"ty":4,"nm":"Forward Arrow Outlines 2","ks":{"o":{"a":0,"k":100},"r":{"a":1,"k":[{"i":{"x":[0.563],"y":[1.693]},"o":{"x":[0.201],"y":[0]},"n":["0p563_1p693_0p201_0"],"t":17,"s":[0],"e":[-20]},{"i":{"x":[0.843],"y":[1]},"o":{"x":[0.341],"y":[0.249]},"n":["0p843_1_0p341_0p249"],"t":19,"s":[-20],"e":[132]},{"t":26}]},"p":{"a":0,"k":[25,25,0]},"a":{"a":0,"k":[25,25,0]},"s":{"a":0,"k":[100,100,100]}},"ao":0,"ef":[{"ty":5,"nm":"Change to Color","mn":"ADBE Change To Color","ix":1,"en":1,"ef":[{"ty":2,"nm":"From","mn":"ADBE Change To Color-0001","ix":1,"v":{"a":0,"k":[0,0,0,1]}},{"ty":2,"nm":"To","mn":"ADBE Change To Color-0002","ix":2,"v":{"a":0,"k":[0,0.5450981,0.5411765,1]}},{"ty":7,"nm":"Change","mn":"ADBE Change To Color-0003","ix":3,"v":{"a":0,"k":4}},{"ty":7,"nm":"Change By","mn":"ADBE Change To Color-0004","ix":4,"v":{"a":0,"k":1}},{"ty":6,"nm":"Tolerance","mn":"ADBE Change To Color-0010","ix":5,"v":0},{"ty":0,"nm":"Hue","mn":"ADBE Change To Color-0005","ix":6,"v":{"a":0,"k":0.1}},{"ty":0,"nm":"Lightness","mn":"ADBE Change To Color-0006","ix":7,"v":{"a":0,"k":1}},{"ty":0,"nm":"Saturation","mn":"ADBE Change To Color-0007","ix":8,"v":{"a":0,"k":1}},{"ty":6,"nm":"Saturation","mn":"ADBE Change To Color-0011","ix":9,"v":0},{"ty":0,"nm":"Softness","mn":"ADBE Change To Color-0008","ix":10,"v":{"a":0,"k":0.5}},{"ty":7,"nm":"View Correction Matte","mn":"ADBE Change To Color-0009","ix":11,"v":{"a":0,"k":0}}]}],"shapes":[{"ty":"gr","it":[{"ind":0,"ty":"sh","ix":1,"ks":{"a":1,"k":[{"i":{"x":0.833,"y":1},"o":{"x":0.167,"y":0},"n":"0p833_1_0p167_0","t":17,"s":[{"i":[[0,0],[0,0],[0,0],[0,0],[0,0],[1.253,-0.098],[1.562,-0.34],[1.469,-0.642],[0.956,-0.653],[0.861,-1.041],[0.425,-0.844],[0,0],[-1.395,4.359],[-1.171,1.93],[-1.823,1.558],[-2.021,0.861],[-2.283,0.318],[-1.531,0],[0,0],[0,0],[0,0]],"o":[[0,0],[0,0],[0,0],[0,0],[-1.415,0],[-1.908,0.151],[-1.947,0.425],[-1.264,0.553],[-1.426,0.973],[-0.769,0.931],[-1.109,2.204],[0,0],[0.59,-1.841],[1.118,-1.843],[1.466,-1.253],[1.785,-0.759],[1.342,-0.188],[0,0],[0,0],[0,0],[0,0]],"v":[[20,-3],[16.645,-0.274],[12.25,3.297],[4,10],[4,2],[0,2.151],[-5.196,2.899],[-10.302,4.522],[-13.622,6.345],[-17.017,9.413],[-18.783,12.108],[-20,16],[-18.561,8.105],[-15.969,2.345],[-11.601,-2.846],[-6.393,-6.063],[-0.307,-7.712],[4,-8],[4,-16],[11.146,-10.194],[16.091,-6.176]],"c":true}],"e":[{"i":[[0,-1.005],[0.364,-1.001],[0.883,-0.927],[1.576,-0.473],[0.938,0],[1.052,0.408],[0.621,0.44],[0.601,0.824],[0.301,0.812],[0,1.147],[-0.088,0.514],[-0.509,0.911],[-0.559,0.58],[-0.948,0.479],[-0.665,0.169],[-0.8,0],[-0.759,-0.199],[-0.723,-0.421],[-0.505,-0.469],[-0.486,-0.881],[-0.185,-0.572]],"o":[[0,1.127],[-0.448,1.227],[-1.107,1.161],[-0.855,0.257],[-1.196,0],[-0.719,-0.28],[-0.833,-0.589],[-0.503,-0.688],[-0.378,-1.017],[0,-0.539],[0.181,-1.066],[0.396,-0.708],[0.73,-0.757],[0.6,-0.302],[0.741,-0.189],[0.821,0],[0.828,0.217],[0.6,0.349],[0.732,0.68],[0.286,0.519],[0.292,0.907]],"v":[[9.375,-3],[8.812,0.209],[6.786,3.469],[2.7,5.98],[0,6.375],[-3.392,5.743],[-5.409,4.658],[-7.576,2.523],[-8.791,0.264],[-9.375,-3],[-9.242,-4.582],[-8.191,-7.564],[-6.752,-9.504],[-4.219,-11.375],[-2.318,-12.086],[0,-12.375],[2.377,-12.071],[4.712,-11.106],[6.374,-9.875],[8.216,-7.519],[8.925,-5.88]],"c":true}]},{"t":26}]},"nm":"Path 1","mn":"ADBE Vector Shape - Group"},{"ty":"st","c":{"a":0,"k":[0,0,0,1]},"o":{"a":0,"k":100},"w":{"a":0,"k":2},"lc":2,"lj":2,"nm":"Stroke 1","mn":"ADBE Vector Graphic - Stroke"},{"ty":"tr","p":{"a":0,"k":[25,28],"ix":2},"a":{"a":0,"k":[0,0],"ix":1},"s":{"a":0,"k":[100,100],"ix":3},"r":{"a":0,"k":0,"ix":6},"o":{"a":0,"k":100,"ix":7},"sk":{"a":0,"k":0,"ix":4},"sa":{"a":0,"k":0,"ix":5},"nm":"Transform"}],"nm":"Group 1","np":2,"cix":2,"ix":1,"mn":"ADBE Vector Group"}],"ip":14,"op":21,"st":5,"bm":0,"sr":1},{"ddd":0,"ind":2,"ty":4,"nm":"Twitter Outlines 2","ks":{"o":{"a":0,"k":100},"r":{"a":0,"k":0},"p":{"a":0,"k":[25,25,0]},"a":{"a":0,"k":[25,25,0]},"s":{"a":0,"k":[100,100,100]}},"ao":0,"ef":[{"ty":5,"nm":"Change to Color","mn":"ADBE Change To Color","ix":1,"en":1,"ef":[{"ty":2,"nm":"From","mn":"ADBE Change To Color-0001","ix":1,"v":{"a":0,"k":[0,0,0,1]}},{"ty":2,"nm":"To","mn":"ADBE Change To Color-0002","ix":2,"v":{"a":0,"k":[0,0.5450981,0.5411765,1]}},{"ty":7,"nm":"Change","mn":"ADBE Change To Color-0003","ix":3,"v":{"a":0,"k":4}},{"ty":7,"nm":"Change By","mn":"ADBE Change To Color-0004","ix":4,"v":{"a":0,"k":1}},{"ty":6,"nm":"Tolerance","mn":"ADBE Change To Color-0010","ix":5,"v":0},{"ty":0,"nm":"Hue","mn":"ADBE Change To Color-0005","ix":6,"v":{"a":0,"k":0.1}},{"ty":0,"nm":"Lightness","mn":"ADBE Change To Color-0006","ix":7,"v":{"a":0,"k":1}},{"ty":0,"nm":"Saturation","mn":"ADBE Change To Color-0007","ix":8,"v":{"a":0,"k":1}},{"ty":6,"nm":"Saturation","mn":"ADBE Change To Color-0011","ix":9,"v":0},{"ty":0,"nm":"Softness","mn":"ADBE Change To Color-0008","ix":10,"v":{"a":0,"k":0.5}},{"ty":7,"nm":"View Correction Matte","mn":"ADBE Change To Color-0009","ix":11,"v":{"a":0,"k":0}}]}],"shapes":[{"ty":"gr","it":[{"ind":0,"ty":"sh","ix":1,"ks":{"a":1,"k":[{"i":{"x":0.667,"y":1},"o":{"x":0.167,"y":0},"n":"0p667_1_0p167_0","t":21,"s":[{"i":[[0,1.005],[0.364,1.001],[0.883,0.927],[1.576,0.473],[0.938,0],[1.052,-0.408],[0.621,-0.44],[0.601,-0.824],[0.301,-0.812],[0,-1.148],[-0.088,-0.514],[-0.509,-0.911],[-0.559,-0.58],[-0.948,-0.479],[-0.665,-0.169],[-0.8,0],[-0.759,0.199],[-0.723,0.421],[-0.505,0.469],[-0.486,0.881],[-0.185,0.572]],"o":[[0,-1.127],[-0.448,-1.227],[-1.107,-1.161],[-0.855,-0.257],[-1.196,0],[-0.719,0.28],[-0.833,0.589],[-0.503,0.688],[-0.378,1.016],[0,0.539],[0.181,1.066],[0.396,0.708],[0.73,0.758],[0.6,0.302],[0.741,0.188],[0.821,0],[0.828,-0.217],[0.6,-0.349],[0.732,-0.68],[0.286,-0.519],[0.292,-0.907]],"v":[[9.374,-0.983],[8.811,-4.192],[6.786,-7.452],[2.699,-9.963],[-0.001,-10.358],[-3.393,-9.726],[-5.41,-8.641],[-7.577,-6.506],[-8.792,-4.247],[-9.376,-0.983],[-9.243,0.599],[-8.191,3.581],[-6.753,5.521],[-4.219,7.392],[-2.318,8.103],[-0.001,8.392],[2.376,8.088],[4.712,7.123],[6.374,5.892],[8.215,3.536],[8.924,1.897]],"c":true}],"e":[{"i":[[-1.319,1.975],[1.994,-0.241],[-0.735,2.297],[2.242,-0.441],[2.832,0],[0,-5.438],[-0.169,-0.722],[4.858,5.958],[0,-1.804],[-2.645,-1.768],[1.328,0.738],[0,0],[-4.502,-0.908],[0.898,0],[0.603,0.116],[-4.309,-0.079],[4.616,0],[0.769,0.094],[-5.561,0],[0,13.009],[0.018,0.419]],"o":[[-1.768,0.784],[2.035,-1.22],[-1.903,1.127],[-1.795,-1.916],[-5.44,0],[0,0.771],[-8.184,-0.412],[-0.848,1.458],[0,3.416],[-1.616,-0.051],[0,0],[0,4.773],[-0.824,0.228],[-0.636,0],[1.257,3.908],[-3.368,2.641],[-0.797,0],[4.356,2.796],[18.114,0],[0,-0.429],[1.923,-1.389]],"v":[[23.999,-14.887],[18.342,-13.335],[22.674,-18.783],[16.419,-16.395],[9.232,-19.505],[-0.617,-9.658],[-0.359,-7.413],[-20.659,-17.703],[-21.991,-12.751],[-17.611,-4.553],[-22.07,-5.786],[-22.07,-5.661],[-14.174,3.995],[-16.766,4.342],[-18.622,4.163],[-9.422,11.003],[-21.652,15.217],[-23.999,15.079],[-8.904,19.505],[19.118,-8.512],[19.089,-9.786]],"c":true}]},{"t":24}]},"nm":"Path 1","mn":"ADBE Vector Shape - Group"},{"ty":"st","c":{"a":0,"k":[0,0,0,1]},"o":{"a":0,"k":100},"w":{"a":0,"k":2},"lc":2,"lj":2,"nm":"Stroke 1","mn":"ADBE Vector Graphic - Stroke"},{"ty":"tr","p":{"a":0,"k":[25,25.983],"ix":2},"a":{"a":0,"k":[0,0],"ix":1},"s":{"a":0,"k":[100,100],"ix":3},"r":{"a":1,"k":[{"i":{"x":[0.667],"y":[1]},"o":{"x":[0.167],"y":[0]},"n":["0p667_1_0p167_0"],"t":21,"s":[-132],"e":[0]},{"t":25}],"ix":6},"o":{"a":0,"k":100,"ix":7},"sk":{"a":0,"k":0,"ix":4},"sa":{"a":0,"k":0,"ix":5},"nm":"Transform"}],"nm":"Group 1","np":2,"cix":2,"ix":1,"mn":"ADBE Vector Group"},{"ty":"gr","it":[{"ind":0,"ty":"sh","ix":1,"ks":{"a":0,"k":{"i":[[0,1.005],[0.364,1.001],[0.883,0.927],[1.576,0.473],[0.938,0],[1.052,-0.408],[0.621,-0.44],[0.601,-0.824],[0.301,-0.812],[0,-1.148],[-0.088,-0.514],[-0.509,-0.911],[-0.559,-0.58],[-0.948,-0.479],[-0.665,-0.169],[-0.8,0],[-0.759,0.199],[-0.723,0.421],[-0.505,0.469],[-0.486,0.881],[-0.185,0.572]],"o":[[0,-1.127],[-0.448,-1.227],[-1.107,-1.161],[-0.855,-0.257],[-1.196,0],[-0.719,0.28],[-0.833,0.589],[-0.503,0.688],[-0.378,1.016],[0,0.539],[0.181,1.066],[0.396,0.708],[0.73,0.758],[0.6,0.302],[0.741,0.188],[0.821,0],[0.828,-0.217],[0.6,-0.349],[0.732,-0.68],[0.286,-0.519],[0.292,-0.907]],"v":[[34.375,25],[33.812,21.791],[31.786,18.531],[27.7,16.02],[25,15.625],[21.608,16.257],[19.591,17.342],[17.424,19.477],[16.209,21.736],[15.625,25],[15.758,26.582],[16.809,29.564],[18.248,31.504],[20.781,33.375],[22.682,34.086],[25,34.375],[27.377,34.071],[29.712,33.106],[31.374,31.875],[33.216,29.519],[33.925,27.88]],"c":true}},"nm":"Path 1","mn":"ADBE Vector Shape - Group"},{"ty":"tr","p":{"a":0,"k":[0,0],"ix":2},"a":{"a":0,"k":[0,0],"ix":1},"s":{"a":0,"k":[100,100],"ix":3},"r":{"a":0,"k":0,"ix":6},"o":{"a":0,"k":100,"ix":7},"sk":{"a":0,"k":0,"ix":4},"sa":{"a":0,"k":0,"ix":5},"nm":"Transform"}],"nm":"Group 2","np":1,"cix":2,"ix":2,"mn":"ADBE Vector Group"}],"ip":21,"op":27,"st":19,"bm":0,"sr":1},{"ddd":0,"ind":3,"ty":4,"nm":"Forward Arrow Outlines","ks":{"o":{"a":0,"k":100},"r":{"a":1,"k":[{"i":{"x":[0.667],"y":[1]},"o":{"x":[0.333],"y":[0]},"n":["0p667_1_0p333_0"],"t":2,"s":[-132],"e":[0]},{"t":11}]},"p":{"a":0,"k":[25,25,0]},"a":{"a":0,"k":[25,25,0]},"s":{"a":0,"k":[100,100,100]}},"ao":0,"ef":[{"ty":5,"nm":"Change to Color","mn":"ADBE Change To Color","ix":1,"en":1,"ef":[{"ty":2,"nm":"From","mn":"ADBE Change To Color-0001","ix":1,"v":{"a":0,"k":[0,0,0,1]}},{"ty":2,"nm":"To","mn":"ADBE Change To Color-0002","ix":2,"v":{"a":0,"k":[0,0.5450981,0.5411765,1]}},{"ty":7,"nm":"Change","mn":"ADBE Change To Color-0003","ix":3,"v":{"a":0,"k":4}},{"ty":7,"nm":"Change By","mn":"ADBE Change To Color-0004","ix":4,"v":{"a":0,"k":1}},{"ty":6,"nm":"Tolerance","mn":"ADBE Change To Color-0010","ix":5,"v":0},{"ty":0,"nm":"Hue","mn":"ADBE Change To Color-0005","ix":6,"v":{"a":0,"k":0.1}},{"ty":0,"nm":"Lightness","mn":"ADBE Change To Color-0006","ix":7,"v":{"a":0,"k":1}},{"ty":0,"nm":"Saturation","mn":"ADBE Change To Color-0007","ix":8,"v":{"a":0,"k":1}},{"ty":6,"nm":"Saturation","mn":"ADBE Change To Color-0011","ix":9,"v":0},{"ty":0,"nm":"Softness","mn":"ADBE Change To Color-0008","ix":10,"v":{"a":0,"k":0.5}},{"ty":7,"nm":"View Correction Matte","mn":"ADBE Change To Color-0009","ix":11,"v":{"a":0,"k":0}}]}],"shapes":[{"ty":"gr","it":[{"ind":0,"ty":"sh","ix":1,"ks":{"a":1,"k":[{"i":{"x":0.952,"y":1},"o":{"x":0.993,"y":0},"n":"0p952_1_0p993_0","t":2,"s":[{"i":[[0,-1.005],[0.364,-1.001],[0.883,-0.927],[1.576,-0.473],[0.938,0],[1.052,0.408],[0.621,0.44],[0.601,0.824],[0.301,0.812],[0,1.147],[-0.088,0.514],[-0.509,0.911],[-0.559,0.58],[-0.948,0.479],[-0.665,0.169],[-0.8,0],[-0.759,-0.199],[-0.723,-0.421],[-0.505,-0.469],[-0.486,-0.881],[-0.185,-0.572]],"o":[[0,1.127],[-0.448,1.227],[-1.107,1.161],[-0.855,0.257],[-1.196,0],[-0.719,-0.28],[-0.833,-0.589],[-0.503,-0.688],[-0.378,-1.017],[0,-0.539],[0.181,-1.066],[0.396,-0.708],[0.73,-0.757],[0.6,-0.302],[0.741,-0.189],[0.821,0],[0.828,0.217],[0.6,0.349],[0.732,0.68],[0.286,0.519],[0.292,0.907]],"v":[[9.375,-3],[8.812,0.209],[6.786,3.469],[2.7,5.98],[0,6.375],[-3.392,5.743],[-5.409,4.658],[-7.576,2.523],[-8.791,0.264],[-9.375,-3],[-9.242,-4.582],[-8.191,-7.564],[-6.752,-9.504],[-4.219,-11.375],[-2.318,-12.086],[0,-12.375],[2.377,-12.071],[4.712,-11.106],[6.374,-9.875],[8.216,-7.519],[8.925,-5.88]],"c":true}],"e":[{"i":[[0,0],[0,0],[0,0],[0,0],[0,0],[1.253,-0.098],[1.562,-0.34],[1.469,-0.642],[0.956,-0.653],[0.861,-1.041],[0.425,-0.844],[0,0],[-1.395,4.359],[-1.171,1.93],[-1.823,1.558],[-2.021,0.861],[-2.283,0.318],[-1.531,0],[0,0],[0,0],[0,0]],"o":[[0,0],[0,0],[0,0],[0,0],[-1.415,0],[-1.908,0.151],[-1.947,0.425],[-1.264,0.553],[-1.426,0.973],[-0.769,0.931],[-1.109,2.204],[0,0],[0.59,-1.841],[1.118,-1.843],[1.466,-1.253],[1.785,-0.759],[1.342,-0.188],[0,0],[0,0],[0,0],[0,0]],"v":[[20,-3],[16.645,-0.274],[12.25,3.297],[4,10],[4,2],[0,2.151],[-5.196,2.899],[-10.302,4.522],[-13.622,6.345],[-17.017,9.413],[-18.783,12.108],[-20,16],[-18.561,8.105],[-15.969,2.345],[-11.601,-2.846],[-6.393,-6.063],[-0.307,-7.712],[4,-8],[4,-16],[11.146,-10.194],[16.091,-6.176]],"c":true}]},{"t":11}]},"nm":"Path 1","mn":"ADBE Vector Shape - Group"},{"ty":"st","c":{"a":0,"k":[0,0,0,1]},"o":{"a":0,"k":100},"w":{"a":0,"k":2},"lc":2,"lj":2,"nm":"Stroke 1","mn":"ADBE Vector Graphic - Stroke"},{"ty":"tr","p":{"a":0,"k":[25,28],"ix":2},"a":{"a":0,"k":[0,0],"ix":1},"s":{"a":0,"k":[100,100],"ix":3},"r":{"a":0,"k":0,"ix":6},"o":{"a":0,"k":100,"ix":7},"sk":{"a":0,"k":0,"ix":4},"sa":{"a":0,"k":0,"ix":5},"nm":"Transform"}],"nm":"Group 1","np":2,"cix":2,"ix":1,"mn":"ADBE Vector Group"}],"ip":8,"op":14,"st":0,"bm":0,"sr":1},{"ddd":0,"ind":4,"ty":4,"nm":"Twitter Outlines","ks":{"o":{"a":0,"k":100},"r":{"a":0,"k":0},"p":{"a":0,"k":[25,25,0]},"a":{"a":0,"k":[25,25,0]},"s":{"a":0,"k":[100,100,100]}},"ao":0,"ef":[{"ty":5,"nm":"Change to Color","mn":"ADBE Change To Color","ix":1,"en":1,"ef":[{"ty":2,"nm":"From","mn":"ADBE Change To Color-0001","ix":1,"v":{"a":0,"k":[0,0,0,1]}},{"ty":2,"nm":"To","mn":"ADBE Change To Color-0002","ix":2,"v":{"a":0,"k":[0,0.5450981,0.5411765,1]}},{"ty":7,"nm":"Change","mn":"ADBE Change To Color-0003","ix":3,"v":{"a":0,"k":4}},{"ty":7,"nm":"Change By","mn":"ADBE Change To Color-0004","ix":4,"v":{"a":0,"k":1}},{"ty":6,"nm":"Tolerance","mn":"ADBE Change To Color-0010","ix":5,"v":0},{"ty":0,"nm":"Hue","mn":"ADBE Change To Color-0005","ix":6,"v":{"a":0,"k":0.1}},{"ty":0,"nm":"Lightness","mn":"ADBE Change To Color-0006","ix":7,"v":{"a":0,"k":1}},{"ty":0,"nm":"Saturation","mn":"ADBE Change To Color-0007","ix":8,"v":{"a":0,"k":1}},{"ty":6,"nm":"Saturation","mn":"ADBE Change To Color-0011","ix":9,"v":0},{"ty":0,"nm":"Softness","mn":"ADBE Change To Color-0008","ix":10,"v":{"a":0,"k":0.5}},{"ty":7,"nm":"View Correction Matte","mn":"ADBE Change To Color-0009","ix":11,"v":{"a":0,"k":0}}]}],"shapes":[{"ty":"gr","it":[{"ind":0,"ty":"sh","ix":1,"ks":{"a":1,"k":[{"i":{"x":1,"y":1},"o":{"x":0.252,"y":0},"n":"1_1_0p252_0","t":4,"s":[{"i":[[-1.319,1.975],[1.994,-0.241],[-0.735,2.297],[2.242,-0.441],[2.832,0],[0,-5.438],[-0.169,-0.722],[4.858,5.958],[0,-1.804],[-2.645,-1.768],[1.328,0.738],[0,0],[-4.502,-0.908],[0.898,0],[0.603,0.116],[-4.309,-0.079],[4.616,0],[0.769,0.094],[-5.561,0],[0,13.009],[0.018,0.419]],"o":[[-1.768,0.784],[2.035,-1.22],[-1.903,1.127],[-1.795,-1.916],[-5.44,0],[0,0.771],[-8.184,-0.412],[-0.848,1.458],[0,3.416],[-1.616,-0.051],[0,0],[0,4.773],[-0.824,0.228],[-0.636,0],[1.257,3.908],[-3.368,2.641],[-0.797,0],[4.356,2.796],[18.114,0],[0,-0.429],[1.923,-1.389]],"v":[[23.999,-14.887],[18.342,-13.335],[22.674,-18.783],[16.419,-16.395],[9.232,-19.505],[-0.617,-9.658],[-0.359,-7.413],[-20.659,-17.703],[-21.991,-12.751],[-17.611,-4.553],[-22.07,-5.786],[-22.07,-5.661],[-14.174,3.995],[-16.766,4.342],[-18.622,4.163],[-9.422,11.003],[-21.652,15.217],[-23.999,15.079],[-8.904,19.505],[19.118,-8.512],[19.089,-9.786]],"c":true}],"e":[{"i":[[0,1.005],[0.364,1.001],[0.883,0.927],[1.576,0.473],[0.938,0],[1.052,-0.408],[0.621,-0.44],[0.601,-0.824],[0.301,-0.812],[0,-1.148],[-0.088,-0.514],[-0.509,-0.911],[-0.559,-0.58],[-0.948,-0.479],[-0.665,-0.169],[-0.8,0],[-0.759,0.199],[-0.723,0.421],[-0.505,0.469],[-0.486,0.881],[-0.185,0.572]],"o":[[0,-1.127],[-0.448,-1.227],[-1.107,-1.161],[-0.855,-0.257],[-1.196,0],[-0.719,0.28],[-0.833,0.589],[-0.503,0.688],[-0.378,1.016],[0,0.539],[0.181,1.066],[0.396,0.708],[0.73,0.758],[0.6,0.302],[0.741,0.188],[0.821,0],[0.828,-0.217],[0.6,-0.349],[0.732,-0.68],[0.286,-0.519],[0.292,-0.907]],"v":[[9.374,-0.983],[8.811,-4.192],[6.786,-7.452],[2.699,-9.963],[-0.001,-10.358],[-3.393,-9.726],[-5.41,-8.641],[-7.577,-6.506],[-8.792,-4.247],[-9.376,-0.983],[-9.243,0.599],[-8.191,3.581],[-6.753,5.521],[-4.219,7.392],[-2.318,8.103],[-0.001,8.392],[2.376,8.088],[4.712,7.123],[6.374,5.892],[8.215,3.536],[8.924,1.897]],"c":true}]},{"t":8}]},"nm":"Path 1","mn":"ADBE Vector Shape - Group"},{"ty":"st","c":{"a":0,"k":[0,0,0,1]},"o":{"a":0,"k":100},"w":{"a":0,"k":2},"lc":2,"lj":2,"nm":"Stroke 1","mn":"ADBE Vector Graphic - Stroke"},{"ty":"tr","p":{"a":0,"k":[25,25.983],"ix":2},"a":{"a":0,"k":[0,0],"ix":1},"s":{"a":0,"k":[100,100],"ix":3},"r":{"a":1,"k":[{"i":{"x":[0.667],"y":[1]},"o":{"x":[0.333],"y":[0]},"n":["0p667_1_0p333_0"],"t":3,"s":[0],"e":[-17]},{"i":{"x":[0.667],"y":[1]},"o":{"x":[0.333],"y":[0]},"n":["0p667_1_0p333_0"],"t":5,"s":[-17],"e":[133]},{"t":8}],"ix":6},"o":{"a":0,"k":100,"ix":7},"sk":{"a":0,"k":0,"ix":4},"sa":{"a":0,"k":0,"ix":5},"nm":"Transform"}],"nm":"Group 1","np":2,"cix":2,"ix":1,"mn":"ADBE Vector Group"},{"ty":"gr","it":[{"ind":0,"ty":"sh","ix":1,"ks":{"a":0,"k":{"i":[[0,1.005],[0.364,1.001],[0.883,0.927],[1.576,0.473],[0.938,0],[1.052,-0.408],[0.621,-0.44],[0.601,-0.824],[0.301,-0.812],[0,-1.148],[-0.088,-0.514],[-0.509,-0.911],[-0.559,-0.58],[-0.948,-0.479],[-0.665,-0.169],[-0.8,0],[-0.759,0.199],[-0.723,0.421],[-0.505,0.469],[-0.486,0.881],[-0.185,0.572]],"o":[[0,-1.127],[-0.448,-1.227],[-1.107,-1.161],[-0.855,-0.257],[-1.196,0],[-0.719,0.28],[-0.833,0.589],[-0.503,0.688],[-0.378,1.016],[0,0.539],[0.181,1.066],[0.396,0.708],[0.73,0.758],[0.6,0.302],[0.741,0.188],[0.821,0],[0.828,-0.217],[0.6,-0.349],[0.732,-0.68],[0.286,-0.519],[0.292,-0.907]],"v":[[34.375,25],[33.812,21.791],[31.786,18.531],[27.7,16.02],[25,15.625],[21.608,16.257],[19.591,17.342],[17.424,19.477],[16.209,21.736],[15.625,25],[15.758,26.582],[16.809,29.564],[18.248,31.504],[20.781,33.375],[22.682,34.086],[25,34.375],[27.377,34.071],[29.712,33.106],[31.374,31.875],[33.216,29.519],[33.925,27.88]],"c":true}},"nm":"Path 1","mn":"ADBE Vector Shape - Group"},{"ty":"tr","p":{"a":0,"k":[0,0],"ix":2},"a":{"a":0,"k":[0,0],"ix":1},"s":{"a":0,"k":[100,100],"ix":3},"r":{"a":0,"k":0,"ix":6},"o":{"a":0,"k":100,"ix":7},"sk":{"a":0,"k":0,"ix":4},"sa":{"a":0,"k":0,"ix":5},"nm":"Transform"}],"nm":"Group 2","np":1,"cix":2,"ix":2,"mn":"ADBE Vector Group"}],"ip":0,"op":8,"st":0,"bm":0,"sr":1}]}